Validation_Set,Topics,Alpha,Beta,Coherence
75% Corpus,2,0.01,0.01,0.3455494858937311
75% Corpus,2,0.01,0.31,0.3650476144224535
75% Corpus,2,0.01,0.61,0.3684876625706724
75% Corpus,2,0.01,0.9099999999999999,0.3322608685468542
75% Corpus,2,0.01,symmetric,0.3325794668900908
75% Corpus,2,0.31,0.01,0.3335146876860739
75% Corpus,2,0.31,0.31,0.37679184140023914
75% Corpus,2,0.31,0.61,0.334413567841417
75% Corpus,2,0.31,0.9099999999999999,0.32737174451008433
75% Corpus,2,0.31,symmetric,0.3245161878127294
75% Corpus,2,0.61,0.01,0.36063720927106746
75% Corpus,2,0.61,0.31,0.3654875380171487
75% Corpus,2,0.61,0.61,0.3194500177377349
75% Corpus,2,0.61,0.9099999999999999,0.32073732957197904
75% Corpus,2,0.61,symmetric,0.32702398235351066
75% Corpus,2,0.9099999999999999,0.01,0.36524092151036686
75% Corpus,2,0.9099999999999999,0.31,0.3567753059913099
75% Corpus,2,0.9099999999999999,0.61,0.3331219342654532
75% Corpus,2,0.9099999999999999,0.9099999999999999,0.292511354050442
75% Corpus,2,0.9099999999999999,symmetric,0.3294364296064985
75% Corpus,2,symmetric,0.01,0.33793178269146384
75% Corpus,2,symmetric,0.31,0.3371162607711565
75% Corpus,2,symmetric,0.61,0.37600062831618764
75% Corpus,2,symmetric,0.9099999999999999,0.3706470218028653
75% Corpus,2,symmetric,symmetric,0.3272784319526923
75% Corpus,2,asymmetric,0.01,0.33580473847074244
75% Corpus,2,asymmetric,0.31,0.33370927660859895
75% Corpus,2,asymmetric,0.61,0.3657374893841903
75% Corpus,2,asymmetric,0.9099999999999999,0.29761518982673674
75% Corpus,2,asymmetric,symmetric,0.34123511814642327
75% Corpus,3,0.01,0.01,0.32141058848143317
75% Corpus,3,0.01,0.31,0.35489053609717996
75% Corpus,3,0.01,0.61,0.35940585896264876
75% Corpus,3,0.01,0.9099999999999999,0.33011119069241834
75% Corpus,3,0.01,symmetric,0.31045348532917294
75% Corpus,3,0.31,0.01,0.34611937985248137
75% Corpus,3,0.31,0.31,0.3381228159110726
75% Corpus,3,0.31,0.61,0.3632990581233183
75% Corpus,3,0.31,0.9099999999999999,0.3073074461083196
75% Corpus,3,0.31,symmetric,0.34692974516562397
75% Corpus,3,0.61,0.01,0.3513516336343462
75% Corpus,3,0.61,0.31,0.33806961901965293
75% Corpus,3,0.61,0.61,0.3518185389121413
75% Corpus,3,0.61,0.9099999999999999,0.31883060746865055
75% Corpus,3,0.61,symmetric,0.3275136894964862
75% Corpus,3,0.9099999999999999,0.01,0.3411735812446374
75% Corpus,3,0.9099999999999999,0.31,0.3520669783997241
75% Corpus,3,0.9099999999999999,0.61,0.33745517941945624
75% Corpus,3,0.9099999999999999,0.9099999999999999,0.31877519616543987
75% Corpus,3,0.9099999999999999,symmetric,0.3274265468946018
75% Corpus,3,symmetric,0.01,0.3228288927814121
75% Corpus,3,symmetric,0.31,0.38911263472798957
75% Corpus,3,symmetric,0.61,0.3567168390465478
75% Corpus,3,symmetric,0.9099999999999999,0.34106731520306355
75% Corpus,3,symmetric,symmetric,0.32784170555947334
75% Corpus,3,asymmetric,0.01,0.3347058671340952
75% Corpus,3,asymmetric,0.31,0.3546104842447422
75% Corpus,3,asymmetric,0.61,0.3671307530261044
75% Corpus,3,asymmetric,0.9099999999999999,0.36319725522158636
75% Corpus,3,asymmetric,symmetric,0.3349457899932065
75% Corpus,4,0.01,0.01,0.3204567316845879
75% Corpus,4,0.01,0.31,0.34881285431941955
75% Corpus,4,0.01,0.61,0.3332302352631511
75% Corpus,4,0.01,0.9099999999999999,0.3378734631489633
75% Corpus,4,0.01,symmetric,0.3103514861801435
75% Corpus,4,0.31,0.01,0.32833615153351614
75% Corpus,4,0.31,0.31,0.382526837360355
75% Corpus,4,0.31,0.61,0.4199600504556774
75% Corpus,4,0.31,0.9099999999999999,0.34487463078400915
75% Corpus,4,0.31,symmetric,0.32283612835673503
75% Corpus,4,0.61,0.01,0.37755015989759055
75% Corpus,4,0.61,0.31,0.36253183511138487
75% Corpus,4,0.61,0.61,0.3723500594002275
75% Corpus,4,0.61,0.9099999999999999,0.315436657983038
75% Corpus,4,0.61,symmetric,0.3415246108110286
75% Corpus,4,0.9099999999999999,0.01,0.3662687292412003
75% Corpus,4,0.9099999999999999,0.31,0.33845525144259625
75% Corpus,4,0.9099999999999999,0.61,0.3472986961845877
75% Corpus,4,0.9099999999999999,0.9099999999999999,0.3179556308954549
75% Corpus,4,0.9099999999999999,symmetric,0.3265176157868861
75% Corpus,4,symmetric,0.01,0.3188705864456563
75% Corpus,4,symmetric,0.31,0.36167509200516884
75% Corpus,4,symmetric,0.61,0.3820610623310958
75% Corpus,4,symmetric,0.9099999999999999,0.32566890004367116
75% Corpus,4,symmetric,symmetric,0.3120711607894059
75% Corpus,4,asymmetric,0.01,0.3258740593070888
75% Corpus,4,asymmetric,0.31,0.39345400311764167
75% Corpus,4,asymmetric,0.61,0.36945574006741316
75% Corpus,4,asymmetric,0.9099999999999999,0.31605756294446175
75% Corpus,4,asymmetric,symmetric,0.3346858133879609
75% Corpus,5,0.01,0.01,0.35006322976770377
75% Corpus,5,0.01,0.31,0.3926886683599497
75% Corpus,5,0.01,0.61,0.3584178951553946
75% Corpus,5,0.01,0.9099999999999999,0.34183342989209636
75% Corpus,5,0.01,symmetric,0.34133201849242895
75% Corpus,5,0.31,0.01,0.3307784728966359
75% Corpus,5,0.31,0.31,0.36063371233948105
75% Corpus,5,0.31,0.61,0.3835397792546829
75% Corpus,5,0.31,0.9099999999999999,0.353617294104444
75% Corpus,5,0.31,symmetric,0.32206734109293933
75% Corpus,5,0.61,0.01,0.32959842252470806
75% Corpus,5,0.61,0.31,0.3336231600974761
75% Corpus,5,0.61,0.61,0.3382516846588956
75% Corpus,5,0.61,0.9099999999999999,0.31605591413967904
75% Corpus,5,0.61,symmetric,0.31761806759967487
75% Corpus,5,0.9099999999999999,0.01,0.3389600469961802
75% Corpus,5,0.9099999999999999,0.31,0.37949895418619417
75% Corpus,5,0.9099999999999999,0.61,0.33550116271080604
75% Corpus,5,0.9099999999999999,0.9099999999999999,0.32180382168442356
75% Corpus,5,0.9099999999999999,symmetric,0.33119719428123484
75% Corpus,5,symmetric,0.01,0.35455303643741404
75% Corpus,5,symmetric,0.31,0.3596733869297741
75% Corpus,5,symmetric,0.61,0.4242944922831031
75% Corpus,5,symmetric,0.9099999999999999,0.3432547147047219
75% Corpus,5,symmetric,symmetric,0.3428419973340405
75% Corpus,5,asymmetric,0.01,0.3467722754314953
75% Corpus,5,asymmetric,0.31,0.3497941687873907
75% Corpus,5,asymmetric,0.61,0.3592948336970217
75% Corpus,5,asymmetric,0.9099999999999999,0.306693386296565
75% Corpus,5,asymmetric,symmetric,0.3325600302671215
75% Corpus,6,0.01,0.01,0.3153572642677224
75% Corpus,6,0.01,0.31,0.3506668538244389
75% Corpus,6,0.01,0.61,0.3905488064667187
75% Corpus,6,0.01,0.9099999999999999,0.33073303932075304
75% Corpus,6,0.01,symmetric,0.30864786407262096
75% Corpus,6,0.31,0.01,0.3288037196110029
75% Corpus,6,0.31,0.31,0.3753340558831569
75% Corpus,6,0.31,0.61,0.3393972131912575
75% Corpus,6,0.31,0.9099999999999999,0.31798899212020526
75% Corpus,6,0.31,symmetric,0.324194595259445
75% Corpus,6,0.61,0.01,0.35900685117540876
75% Corpus,6,0.61,0.31,0.3498741072785319
75% Corpus,6,0.61,0.61,0.3500401021657051
75% Corpus,6,0.61,0.9099999999999999,0.3062593739742824
75% Corpus,6,0.61,symmetric,0.34827369697886756
75% Corpus,6,0.9099999999999999,0.01,0.3430530923416223
75% Corpus,6,0.9099999999999999,0.31,0.3170656098093081
75% Corpus,6,0.9099999999999999,0.61,0.3404910562988342
75% Corpus,6,0.9099999999999999,0.9099999999999999,0.32188326144242346
75% Corpus,6,0.9099999999999999,symmetric,0.328838459826245
75% Corpus,6,symmetric,0.01,0.31399677007192733
75% Corpus,6,symmetric,0.31,0.379410333410077
75% Corpus,6,symmetric,0.61,0.36297333009164817
75% Corpus,6,symmetric,0.9099999999999999,0.30079672154791504
75% Corpus,6,symmetric,symmetric,0.3190211734923418
75% Corpus,6,asymmetric,0.01,0.32875445790785934
75% Corpus,6,asymmetric,0.31,0.3612308624166254
75% Corpus,6,asymmetric,0.61,0.35761352893805554
75% Corpus,6,asymmetric,0.9099999999999999,0.3378249408852802
75% Corpus,6,asymmetric,symmetric,0.33446452757584133
75% Corpus,7,0.01,0.01,0.3344205832999326
75% Corpus,7,0.01,0.31,0.35774710655402525
75% Corpus,7,0.01,0.61,0.3626846432648564
75% Corpus,7,0.01,0.9099999999999999,0.35281122514738383
75% Corpus,7,0.01,symmetric,0.3367741534771843
75% Corpus,7,0.31,0.01,0.3394442275272006
75% Corpus,7,0.31,0.31,0.3690895693000249
75% Corpus,7,0.31,0.61,0.38270471626970687
75% Corpus,7,0.31,0.9099999999999999,0.32870016562368537
75% Corpus,7,0.31,symmetric,0.32694146690717213
75% Corpus,7,0.61,0.01,0.3292913832824205
75% Corpus,7,0.61,0.31,0.36215814211964653
75% Corpus,7,0.61,0.61,0.34854197034499734
75% Corpus,7,0.61,0.9099999999999999,0.3361995040588558
75% Corpus,7,0.61,symmetric,0.3161235478205634
75% Corpus,7,0.9099999999999999,0.01,0.3380141537686614
75% Corpus,7,0.9099999999999999,0.31,0.33248920011193456
75% Corpus,7,0.9099999999999999,0.61,0.3292675016999456
75% Corpus,7,0.9099999999999999,0.9099999999999999,0.3249395395711339
75% Corpus,7,0.9099999999999999,symmetric,0.3311393895071537
75% Corpus,7,symmetric,0.01,0.32516259199735464
75% Corpus,7,symmetric,0.31,0.34927227297841995
75% Corpus,7,symmetric,0.61,0.3481377702692985
75% Corpus,7,symmetric,0.9099999999999999,0.3420565584889945
75% Corpus,7,symmetric,symmetric,0.3399644182792645
75% Corpus,7,asymmetric,0.01,0.3543041362514668
75% Corpus,7,asymmetric,0.31,0.38216167605912443
75% Corpus,7,asymmetric,0.61,0.36932758918500785
75% Corpus,7,asymmetric,0.9099999999999999,0.3168091124776784
75% Corpus,7,asymmetric,symmetric,0.34998106729948486
75% Corpus,8,0.01,0.01,0.30786204624369373
75% Corpus,8,0.01,0.31,0.3652083342170899
75% Corpus,8,0.01,0.61,0.3563624074334259
75% Corpus,8,0.01,0.9099999999999999,0.33767553634395503
75% Corpus,8,0.01,symmetric,0.31453754696985187
75% Corpus,8,0.31,0.01,0.33051626137793266
75% Corpus,8,0.31,0.31,0.3423868258223887
75% Corpus,8,0.31,0.61,0.36411488976617984
75% Corpus,8,0.31,0.9099999999999999,0.3256827194450184
75% Corpus,8,0.31,symmetric,0.3180913227954881
75% Corpus,8,0.61,0.01,0.3582225229509047
75% Corpus,8,0.61,0.31,0.3555567484525026
75% Corpus,8,0.61,0.61,0.3789887847776236
75% Corpus,8,0.61,0.9099999999999999,0.31457157461788393
75% Corpus,8,0.61,symmetric,0.359161512462365
75% Corpus,8,0.9099999999999999,0.01,0.3681636305352419
75% Corpus,8,0.9099999999999999,0.31,0.34844100028104946
75% Corpus,8,0.9099999999999999,0.61,0.34113249557027014
75% Corpus,8,0.9099999999999999,0.9099999999999999,0.343159441155042
75% Corpus,8,0.9099999999999999,symmetric,0.3290371990834207
75% Corpus,8,symmetric,0.01,0.3198464174155648
75% Corpus,8,symmetric,0.31,0.36222585388673667
75% Corpus,8,symmetric,0.61,0.3917971012611856
75% Corpus,8,symmetric,0.9099999999999999,0.32517434604471657
75% Corpus,8,symmetric,symmetric,0.31904468153122983
75% Corpus,8,asymmetric,0.01,0.3344333233027893
75% Corpus,8,asymmetric,0.31,0.3826044310308304
75% Corpus,8,asymmetric,0.61,0.39850578225091327
75% Corpus,8,asymmetric,0.9099999999999999,0.3327550418521028
75% Corpus,8,asymmetric,symmetric,0.3318612139864226
75% Corpus,9,0.01,0.01,0.32761641190305085
75% Corpus,9,0.01,0.31,0.35750503765912417
75% Corpus,9,0.01,0.61,0.3575670603853316
75% Corpus,9,0.01,0.9099999999999999,0.3333155359053792
75% Corpus,9,0.01,symmetric,0.31596807083479206
75% Corpus,9,0.31,0.01,0.3208585971042898
75% Corpus,9,0.31,0.31,0.3640443440936696
75% Corpus,9,0.31,0.61,0.3843505979338284
75% Corpus,9,0.31,0.9099999999999999,0.31081420950669947
75% Corpus,9,0.31,symmetric,0.33829720767333316
75% Corpus,9,0.61,0.01,0.3272758197070036
75% Corpus,9,0.61,0.31,0.37784891218209443
75% Corpus,9,0.61,0.61,0.32832621316425303
75% Corpus,9,0.61,0.9099999999999999,0.3350459198961279
75% Corpus,9,0.61,symmetric,0.3272880636025193
75% Corpus,9,0.9099999999999999,0.01,0.32826647223249394
75% Corpus,9,0.9099999999999999,0.31,0.33155557323177176
75% Corpus,9,0.9099999999999999,0.61,0.3292660853085607
75% Corpus,9,0.9099999999999999,0.9099999999999999,0.3208637202637667
75% Corpus,9,0.9099999999999999,symmetric,0.32378291369238926
75% Corpus,9,symmetric,0.01,0.3249038643161715
75% Corpus,9,symmetric,0.31,0.3950078307223054
75% Corpus,9,symmetric,0.61,0.3817477334035064
75% Corpus,9,symmetric,0.9099999999999999,0.33022027357174905
75% Corpus,9,symmetric,symmetric,0.3452446697274188
75% Corpus,9,asymmetric,0.01,0.3348042466360417
75% Corpus,9,asymmetric,0.31,0.3707203643411592
75% Corpus,9,asymmetric,0.61,0.3608457094287411
75% Corpus,9,asymmetric,0.9099999999999999,0.3387556194321476
75% Corpus,9,asymmetric,symmetric,0.34588584826182284
75% Corpus,10,0.01,0.01,0.3143377171905313
75% Corpus,10,0.01,0.31,0.3769815473146408
75% Corpus,10,0.01,0.61,0.39479237329120215
75% Corpus,10,0.01,0.9099999999999999,0.3378448203573738
75% Corpus,10,0.01,symmetric,0.3210930645579164
75% Corpus,10,0.31,0.01,0.3260832962510252
75% Corpus,10,0.31,0.31,0.35223732282947595
75% Corpus,10,0.31,0.61,0.3537915624230678
75% Corpus,10,0.31,0.9099999999999999,0.33521433011381385
75% Corpus,10,0.31,symmetric,0.3137370810270002
75% Corpus,10,0.61,0.01,0.3410952929014128
75% Corpus,10,0.61,0.31,0.37609593362003335
75% Corpus,10,0.61,0.61,0.3654991270787581
75% Corpus,10,0.61,0.9099999999999999,0.3009999120365215
75% Corpus,10,0.61,symmetric,0.3274578975809452
75% Corpus,10,0.9099999999999999,0.01,0.3538313122766591
75% Corpus,10,0.9099999999999999,0.31,0.3088310630501627
75% Corpus,10,0.9099999999999999,0.61,0.3650670486852325
75% Corpus,10,0.9099999999999999,0.9099999999999999,0.3217683396500577
75% Corpus,10,0.9099999999999999,symmetric,0.33577308298787034
75% Corpus,10,symmetric,0.01,0.319186001340847
75% Corpus,10,symmetric,0.31,0.4211570821457487
75% Corpus,10,symmetric,0.61,0.3809822793110282
75% Corpus,10,symmetric,0.9099999999999999,0.36208203840657593
75% Corpus,10,symmetric,symmetric,0.3159087482967888
75% Corpus,10,asymmetric,0.01,0.3170051499557218
75% Corpus,10,asymmetric,0.31,0.38306202122319627
75% Corpus,10,asymmetric,0.61,0.3816774918386884
75% Corpus,10,asymmetric,0.9099999999999999,0.3208692971433386
75% Corpus,10,asymmetric,symmetric,0.330896882325062
75% Corpus,11,0.01,0.01,0.3287811878236724
75% Corpus,11,0.01,0.31,0.3792147777585764
75% Corpus,11,0.01,0.61,0.3874939209614603
75% Corpus,11,0.01,0.9099999999999999,0.3263266772885652
75% Corpus,11,0.01,symmetric,0.3402689005391362
75% Corpus,11,0.31,0.01,0.3589815104877138
75% Corpus,11,0.31,0.31,0.34880693608041
75% Corpus,11,0.31,0.61,0.37745899223865775
75% Corpus,11,0.31,0.9099999999999999,0.30812956228877425
75% Corpus,11,0.31,symmetric,0.3456177895179776
75% Corpus,11,0.61,0.01,0.3390719464193136
75% Corpus,11,0.61,0.31,0.31300502830878585
75% Corpus,11,0.61,0.61,0.35840280612927006
75% Corpus,11,0.61,0.9099999999999999,0.33132436130219445
75% Corpus,11,0.61,symmetric,0.3275626378582993
75% Corpus,11,0.9099999999999999,0.01,0.3303179968784577
75% Corpus,11,0.9099999999999999,0.31,0.35435691650002554
75% Corpus,11,0.9099999999999999,0.61,0.3412307585049347
75% Corpus,11,0.9099999999999999,0.9099999999999999,0.300024103443289
75% Corpus,11,0.9099999999999999,symmetric,0.3208631944831153
75% Corpus,11,symmetric,0.01,0.34880088485031935
75% Corpus,11,symmetric,0.31,0.39401298408835006
75% Corpus,11,symmetric,0.61,0.37079260607103676
75% Corpus,11,symmetric,0.9099999999999999,0.33404559396235756
75% Corpus,11,symmetric,symmetric,0.3435564121561253
75% Corpus,11,asymmetric,0.01,0.36412197014943626
75% Corpus,11,asymmetric,0.31,0.3262877589155604
75% Corpus,11,asymmetric,0.61,0.36765325911108265
75% Corpus,11,asymmetric,0.9099999999999999,0.32347268898761883
75% Corpus,11,asymmetric,symmetric,0.3326791753238631
75% Corpus,12,0.01,0.01,0.3096052609189734
75% Corpus,12,0.01,0.31,0.3520686924658317
75% Corpus,12,0.01,0.61,0.3662076510831894
75% Corpus,12,0.01,0.9099999999999999,0.40294854258156404
75% Corpus,12,0.01,symmetric,0.30574862678221626
75% Corpus,12,0.31,0.01,0.32867400111425177
75% Corpus,12,0.31,0.31,0.3589096784782238
75% Corpus,12,0.31,0.61,0.36654020660470826
75% Corpus,12,0.31,0.9099999999999999,0.34357725618045054
75% Corpus,12,0.31,symmetric,0.3248440884575181
75% Corpus,12,0.61,0.01,0.334345178781362
75% Corpus,12,0.61,0.31,0.34985089648722056
75% Corpus,12,0.61,0.61,0.3681227572945234
75% Corpus,12,0.61,0.9099999999999999,0.3109933425232985
75% Corpus,12,0.61,symmetric,0.32483476323564425
75% Corpus,12,0.9099999999999999,0.01,0.35095413153654215
75% Corpus,12,0.9099999999999999,0.31,0.3205258918338086
75% Corpus,12,0.9099999999999999,0.61,0.37906420916618633
75% Corpus,12,0.9099999999999999,0.9099999999999999,0.34436019820885
75% Corpus,12,0.9099999999999999,symmetric,0.3299408724039356
75% Corpus,12,symmetric,0.01,0.32374175982142805
75% Corpus,12,symmetric,0.31,0.3819312693004755
75% Corpus,12,symmetric,0.61,0.41104359937314083
75% Corpus,12,symmetric,0.9099999999999999,0.37585453999137586
75% Corpus,12,symmetric,symmetric,0.30618530393154214
75% Corpus,12,asymmetric,0.01,0.32944038158552885
75% Corpus,12,asymmetric,0.31,0.3682087922726426
75% Corpus,12,asymmetric,0.61,0.3847311394473754
75% Corpus,12,asymmetric,0.9099999999999999,0.3266256204165844
75% Corpus,12,asymmetric,symmetric,0.3216804254848941
75% Corpus,13,0.01,0.01,0.3234081614171665
75% Corpus,13,0.01,0.31,0.35459225416065004
75% Corpus,13,0.01,0.61,0.3767673816851699
75% Corpus,13,0.01,0.9099999999999999,0.3223993802777846
75% Corpus,13,0.01,symmetric,0.32160188626311087
75% Corpus,13,0.31,0.01,0.3457252155206578
75% Corpus,13,0.31,0.31,0.3608036801838109
75% Corpus,13,0.31,0.61,0.38053790421731576
75% Corpus,13,0.31,0.9099999999999999,0.32200529080062573
75% Corpus,13,0.31,symmetric,0.32666318380967485
75% Corpus,13,0.61,0.01,0.33118935260096993
75% Corpus,13,0.61,0.31,0.37394983820136274
75% Corpus,13,0.61,0.61,0.3233554121603151
75% Corpus,13,0.61,0.9099999999999999,0.34213167431779745
75% Corpus,13,0.61,symmetric,0.31828490770854884
75% Corpus,13,0.9099999999999999,0.01,0.3354732639429697
75% Corpus,13,0.9099999999999999,0.31,0.360560668629458
75% Corpus,13,0.9099999999999999,0.61,0.3345450624474325
75% Corpus,13,0.9099999999999999,0.9099999999999999,0.3195206804054686
75% Corpus,13,0.9099999999999999,symmetric,0.3318112319546142
75% Corpus,13,symmetric,0.01,0.32346035293138686
75% Corpus,13,symmetric,0.31,0.36565283712254026
75% Corpus,13,symmetric,0.61,0.3735199877383764
75% Corpus,13,symmetric,0.9099999999999999,0.3428910842248346
75% Corpus,13,symmetric,symmetric,0.33147490660769124
75% Corpus,13,asymmetric,0.01,0.3353061485444448
75% Corpus,13,asymmetric,0.31,0.3428583046853783
75% Corpus,13,asymmetric,0.61,0.3664768160225536
75% Corpus,13,asymmetric,0.9099999999999999,0.3483302404506625
75% Corpus,13,asymmetric,symmetric,0.33489493705951445
75% Corpus,14,0.01,0.01,0.3145915049687568
75% Corpus,14,0.01,0.31,0.36730184895068396
75% Corpus,14,0.01,0.61,0.358369467694994
75% Corpus,14,0.01,0.9099999999999999,0.3419865598067323
75% Corpus,14,0.01,symmetric,0.31054889404416175
75% Corpus,14,0.31,0.01,0.32186252546167854
75% Corpus,14,0.31,0.31,0.35050196707203735
75% Corpus,14,0.31,0.61,0.34478849488944074
75% Corpus,14,0.31,0.9099999999999999,0.3456813665082498
75% Corpus,14,0.31,symmetric,0.31488539813293837
75% Corpus,14,0.61,0.01,0.33555612934256085
75% Corpus,14,0.61,0.31,0.36210269686394164
75% Corpus,14,0.61,0.61,0.36177392947304926
75% Corpus,14,0.61,0.9099999999999999,0.3042479044928836
75% Corpus,14,0.61,symmetric,0.3530987958699488
75% Corpus,14,0.9099999999999999,0.01,0.34754317382126687
75% Corpus,14,0.9099999999999999,0.31,0.3196366478646074
75% Corpus,14,0.9099999999999999,0.61,0.3623078043213402
75% Corpus,14,0.9099999999999999,0.9099999999999999,0.34674140738566317
75% Corpus,14,0.9099999999999999,symmetric,0.3148925367633679
75% Corpus,14,symmetric,0.01,0.31650880646462
75% Corpus,14,symmetric,0.31,0.38841173760595354
75% Corpus,14,symmetric,0.61,0.3849977314460125
75% Corpus,14,symmetric,0.9099999999999999,0.31868761298201914
75% Corpus,14,symmetric,symmetric,0.31061233317296727
75% Corpus,14,asymmetric,0.01,0.3297270611136916
75% Corpus,14,asymmetric,0.31,0.40123444488724935
75% Corpus,14,asymmetric,0.61,0.36451179790764715
75% Corpus,14,asymmetric,0.9099999999999999,0.3245144629474425
75% Corpus,14,asymmetric,symmetric,0.32074816212324636
75% Corpus,15,0.01,0.01,0.34087441894977716
75% Corpus,15,0.01,0.31,0.373981011455407
75% Corpus,15,0.01,0.61,0.3746879762956462
75% Corpus,15,0.01,0.9099999999999999,0.33217674587272467
75% Corpus,15,0.01,symmetric,0.344153706286345
75% Corpus,15,0.31,0.01,0.3470526639974041
75% Corpus,15,0.31,0.31,0.3745959768463019
75% Corpus,15,0.31,0.61,0.3665442251899522
75% Corpus,15,0.31,0.9099999999999999,0.31101024513180686
75% Corpus,15,0.31,symmetric,0.3262521407841869
75% Corpus,15,0.61,0.01,0.328898845564842
75% Corpus,15,0.61,0.31,0.3482128794454243
75% Corpus,15,0.61,0.61,0.3217903669924601
75% Corpus,15,0.61,0.9099999999999999,0.3355369316011089
75% Corpus,15,0.61,symmetric,0.3229382850738863
75% Corpus,15,0.9099999999999999,0.01,0.33517577122982556
75% Corpus,15,0.9099999999999999,0.31,0.3408215903268887
75% Corpus,15,0.9099999999999999,0.61,0.3201661619633575
75% Corpus,15,0.9099999999999999,0.9099999999999999,0.3139697990060183
75% Corpus,15,0.9099999999999999,symmetric,0.3294011712875424
75% Corpus,15,symmetric,0.01,0.3301059357026475
75% Corpus,15,symmetric,0.31,0.3585818179452335
75% Corpus,15,symmetric,0.61,0.3703795917599384
75% Corpus,15,symmetric,0.9099999999999999,0.3447538286049314
75% Corpus,15,symmetric,symmetric,0.33650192460631817
75% Corpus,15,asymmetric,0.01,0.32982190986007964
75% Corpus,15,asymmetric,0.31,0.36228564992278806
75% Corpus,15,asymmetric,0.61,0.3581032955844906
75% Corpus,15,asymmetric,0.9099999999999999,0.3551833307971704
75% Corpus,15,asymmetric,symmetric,0.3486328464566407
75% Corpus,16,0.01,0.01,0.3249571775718141
75% Corpus,16,0.01,0.31,0.37429553510841035
75% Corpus,16,0.01,0.61,0.41085900047169593
75% Corpus,16,0.01,0.9099999999999999,0.32038928337983147
75% Corpus,16,0.01,symmetric,0.32365250110008165
75% Corpus,16,0.31,0.01,0.33054005091498007
75% Corpus,16,0.31,0.31,0.3690939846852052
75% Corpus,16,0.31,0.61,0.3836084595551392
75% Corpus,16,0.31,0.9099999999999999,0.3249509555019021
75% Corpus,16,0.31,symmetric,0.3269502105574292
75% Corpus,16,0.61,0.01,0.3599070984308026
75% Corpus,16,0.61,0.31,0.3515501735313723
75% Corpus,16,0.61,0.61,0.3444356203182466
75% Corpus,16,0.61,0.9099999999999999,0.31655969299300807
75% Corpus,16,0.61,symmetric,0.3518933420032301
75% Corpus,16,0.9099999999999999,0.01,0.3417422075709352
75% Corpus,16,0.9099999999999999,0.31,0.3366599929162113
75% Corpus,16,0.9099999999999999,0.61,0.3441554316077263
75% Corpus,16,0.9099999999999999,0.9099999999999999,0.3161929037210779
75% Corpus,16,0.9099999999999999,symmetric,0.3300538122981138
75% Corpus,16,symmetric,0.01,0.31996313942281235
75% Corpus,16,symmetric,0.31,0.3292937780686722
75% Corpus,16,symmetric,0.61,0.37299424464764297
75% Corpus,16,symmetric,0.9099999999999999,0.33422464387723544
75% Corpus,16,symmetric,symmetric,0.32281670306955207
75% Corpus,16,asymmetric,0.01,0.32803244395157527
75% Corpus,16,asymmetric,0.31,0.38111861509685246
75% Corpus,16,asymmetric,0.61,0.38163203379862903
75% Corpus,16,asymmetric,0.9099999999999999,0.332251047922494
75% Corpus,16,asymmetric,symmetric,0.32974430149124423
75% Corpus,17,0.01,0.01,0.3280964093866542
75% Corpus,17,0.01,0.31,0.3647088674729027
75% Corpus,17,0.01,0.61,0.3605814870934977
75% Corpus,17,0.01,0.9099999999999999,0.34406472469445026
75% Corpus,17,0.01,symmetric,0.3309719569669919
75% Corpus,17,0.31,0.01,0.34388030685367943
75% Corpus,17,0.31,0.31,0.39181281392959044
75% Corpus,17,0.31,0.61,0.365320932811668
75% Corpus,17,0.31,0.9099999999999999,0.3329214945986958
75% Corpus,17,0.31,symmetric,0.3292416205064036
75% Corpus,17,0.61,0.01,0.34188012622404035
75% Corpus,17,0.61,0.31,0.36709019214624905
75% Corpus,17,0.61,0.61,0.3342198970994258
75% Corpus,17,0.61,0.9099999999999999,0.3303038054930809
75% Corpus,17,0.61,symmetric,0.3224850365217701
75% Corpus,17,0.9099999999999999,0.01,0.33578605810559725
75% Corpus,17,0.9099999999999999,0.31,0.34638557662641
75% Corpus,17,0.9099999999999999,0.61,0.3511063915008946
75% Corpus,17,0.9099999999999999,0.9099999999999999,0.3279419742211512
75% Corpus,17,0.9099999999999999,symmetric,0.3273257212968566
75% Corpus,17,symmetric,0.01,0.33995868489128045
75% Corpus,17,symmetric,0.31,0.3870550230958806
75% Corpus,17,symmetric,0.61,0.37294247287112
75% Corpus,17,symmetric,0.9099999999999999,0.3252050567960059
75% Corpus,17,symmetric,symmetric,0.3326886758016455
75% Corpus,17,asymmetric,0.01,0.3411763316180064
75% Corpus,17,asymmetric,0.31,0.3722533462559009
75% Corpus,17,asymmetric,0.61,0.332751072798232
75% Corpus,17,asymmetric,0.9099999999999999,0.32560379215139407
75% Corpus,17,asymmetric,symmetric,0.3334245233269567
75% Corpus,18,0.01,0.01,0.3174388996884686
75% Corpus,18,0.01,0.31,0.3553960992529865
75% Corpus,18,0.01,0.61,0.3510768077694339
75% Corpus,18,0.01,0.9099999999999999,0.33878202235510313
75% Corpus,18,0.01,symmetric,0.3159671785442326
75% Corpus,18,0.31,0.01,0.3350198626173391
75% Corpus,18,0.31,0.31,0.4022408973134202
75% Corpus,18,0.31,0.61,0.34508776425076504
75% Corpus,18,0.31,0.9099999999999999,0.3554295678233952
75% Corpus,18,0.31,symmetric,0.31422445542584343
75% Corpus,18,0.61,0.01,0.3410816770076485
75% Corpus,18,0.61,0.31,0.3829954435871881
75% Corpus,18,0.61,0.61,0.36593569222869105
75% Corpus,18,0.61,0.9099999999999999,0.323134461712477
75% Corpus,18,0.61,symmetric,0.3405883158926878
75% Corpus,18,0.9099999999999999,0.01,0.3441897830063093
75% Corpus,18,0.9099999999999999,0.31,0.3402011688601825
75% Corpus,18,0.9099999999999999,0.61,0.3453085300744514
75% Corpus,18,0.9099999999999999,0.9099999999999999,0.3221940639338064
75% Corpus,18,0.9099999999999999,symmetric,0.3228244459387774
75% Corpus,18,symmetric,0.01,0.32623607518278297
75% Corpus,18,symmetric,0.31,0.39586807784065603
75% Corpus,18,symmetric,0.61,0.38586756146962103
75% Corpus,18,symmetric,0.9099999999999999,0.36335748416493446
75% Corpus,18,symmetric,symmetric,0.3142169199668712
75% Corpus,18,asymmetric,0.01,0.32806618407204396
75% Corpus,18,asymmetric,0.31,0.3574578968315167
75% Corpus,18,asymmetric,0.61,0.37683681463963004
75% Corpus,18,asymmetric,0.9099999999999999,0.31789208852257445
75% Corpus,18,asymmetric,symmetric,0.330910545548775
75% Corpus,19,0.01,0.01,0.3308033512031437
75% Corpus,19,0.01,0.31,0.3724800145623943
75% Corpus,19,0.01,0.61,0.3624923528053998
75% Corpus,19,0.01,0.9099999999999999,0.326118262045112
75% Corpus,19,0.01,symmetric,0.3281974329194379
75% Corpus,19,0.31,0.01,0.32039988540105413
75% Corpus,19,0.31,0.31,0.3421896074550546
75% Corpus,19,0.31,0.61,0.38661249067826825
75% Corpus,19,0.31,0.9099999999999999,0.3537466037368499
75% Corpus,19,0.31,symmetric,0.33701184471425727
75% Corpus,19,0.61,0.01,0.3411494717779312
75% Corpus,19,0.61,0.31,0.3470070056395974
75% Corpus,19,0.61,0.61,0.3546964690043996
75% Corpus,19,0.61,0.9099999999999999,0.33884735283063633
75% Corpus,19,0.61,symmetric,0.3210919132253415
75% Corpus,19,0.9099999999999999,0.01,0.34763552915708673
75% Corpus,19,0.9099999999999999,0.31,0.34498989767678395
75% Corpus,19,0.9099999999999999,0.61,0.3472277898423031
75% Corpus,19,0.9099999999999999,0.9099999999999999,0.31631431240521
75% Corpus,19,0.9099999999999999,symmetric,0.33902601086596057
75% Corpus,19,symmetric,0.01,0.34758412311323444
75% Corpus,19,symmetric,0.31,0.38871018322944384
75% Corpus,19,symmetric,0.61,0.3806631384375561
75% Corpus,19,symmetric,0.9099999999999999,0.3539772607111662
75% Corpus,19,symmetric,symmetric,0.336576008778409
75% Corpus,19,asymmetric,0.01,0.3294631026448631
75% Corpus,19,asymmetric,0.31,0.3660080719981214
75% Corpus,19,asymmetric,0.61,0.36460349014679216
75% Corpus,19,asymmetric,0.9099999999999999,0.2909489320626637
75% Corpus,19,asymmetric,symmetric,0.3418402021993028
75% Corpus,20,0.01,0.01,0.31602114721348706
75% Corpus,20,0.01,0.31,0.3645526198145501
75% Corpus,20,0.01,0.61,0.35214730394742566
75% Corpus,20,0.01,0.9099999999999999,0.3663997118785868
75% Corpus,20,0.01,symmetric,0.31968011651443423
75% Corpus,20,0.31,0.01,0.321917686262325
75% Corpus,20,0.31,0.31,0.3532501235088297
75% Corpus,20,0.31,0.61,0.38657518948260555
75% Corpus,20,0.31,0.9099999999999999,0.3317293869364661
75% Corpus,20,0.31,symmetric,0.31795226586214614
75% Corpus,20,0.61,0.01,0.34236151032511913
75% Corpus,20,0.61,0.31,0.3255065623210066
75% Corpus,20,0.61,0.61,0.33077199042339545
75% Corpus,20,0.61,0.9099999999999999,0.3261699097739272
75% Corpus,20,0.61,symmetric,0.3425705058327115
75% Corpus,20,0.9099999999999999,0.01,0.3590844564353959
75% Corpus,20,0.9099999999999999,0.31,0.3549304992587998
75% Corpus,20,0.9099999999999999,0.61,0.3440667372279709
75% Corpus,20,0.9099999999999999,0.9099999999999999,0.3246137508997726
75% Corpus,20,0.9099999999999999,symmetric,0.345449535867628
75% Corpus,20,symmetric,0.01,0.3204638591973299
75% Corpus,20,symmetric,0.31,0.34070184234490897
75% Corpus,20,symmetric,0.61,0.37256090217427507
75% Corpus,20,symmetric,0.9099999999999999,0.3544499459164877
75% Corpus,20,symmetric,symmetric,0.30502317325629913
75% Corpus,20,asymmetric,0.01,0.3579308328001801
75% Corpus,20,asymmetric,0.31,0.3932904712116888
75% Corpus,20,asymmetric,0.61,0.36405545919255666
75% Corpus,20,asymmetric,0.9099999999999999,0.3264010719634869
75% Corpus,20,asymmetric,symmetric,0.3439047836485929
75% Corpus,21,0.01,0.01,0.3512557262225946
75% Corpus,21,0.01,0.31,0.3747788089738888
75% Corpus,21,0.01,0.61,0.3839854191444725
75% Corpus,21,0.01,0.9099999999999999,0.34878151161407295
75% Corpus,21,0.01,symmetric,0.31915468215859005
75% Corpus,21,0.31,0.01,0.32747731538484587
75% Corpus,21,0.31,0.31,0.3967933226306386
75% Corpus,21,0.31,0.61,0.4263250537232374
75% Corpus,21,0.31,0.9099999999999999,0.3168577058370829
75% Corpus,21,0.31,symmetric,0.3158620119650826
75% Corpus,21,0.61,0.01,0.3328791431358362
75% Corpus,21,0.61,0.31,0.3652233404574654
75% Corpus,21,0.61,0.61,0.34559871048545027
75% Corpus,21,0.61,0.9099999999999999,0.31314723085888635
75% Corpus,21,0.61,symmetric,0.3314085319364143
75% Corpus,21,0.9099999999999999,0.01,0.3468823888555469
75% Corpus,21,0.9099999999999999,0.31,0.3516351929845765
75% Corpus,21,0.9099999999999999,0.61,0.3429373686142549
75% Corpus,21,0.9099999999999999,0.9099999999999999,0.3156390787798436
75% Corpus,21,0.9099999999999999,symmetric,0.3424828662955256
75% Corpus,21,symmetric,0.01,0.3549753410263886
75% Corpus,21,symmetric,0.31,0.34127030395049257
75% Corpus,21,symmetric,0.61,0.34379027104039145
75% Corpus,21,symmetric,0.9099999999999999,0.3382685109860976
75% Corpus,21,symmetric,symmetric,0.3315550512023584
75% Corpus,21,asymmetric,0.01,0.3270302774362564
75% Corpus,21,asymmetric,0.31,0.3398350301110377
75% Corpus,21,asymmetric,0.61,0.37321768546539363
75% Corpus,21,asymmetric,0.9099999999999999,0.3116377863885702
75% Corpus,21,asymmetric,symmetric,0.3187732426085272
75% Corpus,22,0.01,0.01,0.3259250515514363
75% Corpus,22,0.01,0.31,0.36363632081688907
75% Corpus,22,0.01,0.61,0.36805083529260063
75% Corpus,22,0.01,0.9099999999999999,0.3390429787570347
75% Corpus,22,0.01,symmetric,0.31152990157279475
75% Corpus,22,0.31,0.01,0.3496603868685365
75% Corpus,22,0.31,0.31,0.38037950656988234
75% Corpus,22,0.31,0.61,0.37863119570307047
75% Corpus,22,0.31,0.9099999999999999,0.3481720063817821
75% Corpus,22,0.31,symmetric,0.3407359964972969
75% Corpus,22,0.61,0.01,0.3331038828274086
75% Corpus,22,0.61,0.31,0.35793926082272126
75% Corpus,22,0.61,0.61,0.3677426409743597
75% Corpus,22,0.61,0.9099999999999999,0.336168205517432
75% Corpus,22,0.61,symmetric,0.3361085300258541
75% Corpus,22,0.9099999999999999,0.01,0.332387433707113
75% Corpus,22,0.9099999999999999,0.31,0.32031808437568837
75% Corpus,22,0.9099999999999999,0.61,0.31434054550796797
75% Corpus,22,0.9099999999999999,0.9099999999999999,0.32085370275040703
75% Corpus,22,0.9099999999999999,symmetric,0.32124496473829356
75% Corpus,22,symmetric,0.01,0.3097779451217295
75% Corpus,22,symmetric,0.31,0.4010228923528877
75% Corpus,22,symmetric,0.61,0.38082263431131597
75% Corpus,22,symmetric,0.9099999999999999,0.318558271450467
75% Corpus,22,symmetric,symmetric,0.30542180000310915
75% Corpus,22,asymmetric,0.01,0.34075077812448273
75% Corpus,22,asymmetric,0.31,0.3655316161894313
75% Corpus,22,asymmetric,0.61,0.35291812530994116
75% Corpus,22,asymmetric,0.9099999999999999,0.31880364156124746
75% Corpus,22,asymmetric,symmetric,0.34817360777634615
75% Corpus,23,0.01,0.01,0.3456078246741736
75% Corpus,23,0.01,0.31,0.35676292878690097
75% Corpus,23,0.01,0.61,0.3503814104502329
75% Corpus,23,0.01,0.9099999999999999,0.3196379475021372
75% Corpus,23,0.01,symmetric,0.3238486909811582
75% Corpus,23,0.31,0.01,0.3274835270978552
75% Corpus,23,0.31,0.31,0.36393830228179475
75% Corpus,23,0.31,0.61,0.34932565670146554
75% Corpus,23,0.31,0.9099999999999999,0.31995834562181613
75% Corpus,23,0.31,symmetric,0.32173802593393275
75% Corpus,23,0.61,0.01,0.32998665349874057
75% Corpus,23,0.61,0.31,0.3595725581865422
75% Corpus,23,0.61,0.61,0.3472855808974511
75% Corpus,23,0.61,0.9099999999999999,0.31869151604508633
75% Corpus,23,0.61,symmetric,0.32288410913991406
75% Corpus,23,0.9099999999999999,0.01,0.3575272584839341
75% Corpus,23,0.9099999999999999,0.31,0.3353593524156169
75% Corpus,23,0.9099999999999999,0.61,0.3487565599115907
75% Corpus,23,0.9099999999999999,0.9099999999999999,0.3065590537207483
75% Corpus,23,0.9099999999999999,symmetric,0.3457974659318858
75% Corpus,23,symmetric,0.01,0.31694296332978583
75% Corpus,23,symmetric,0.31,0.34935686583976533
75% Corpus,23,symmetric,0.61,0.35632341537866075
75% Corpus,23,symmetric,0.9099999999999999,0.3373505170613642
75% Corpus,23,symmetric,symmetric,0.33077219505984146
75% Corpus,23,asymmetric,0.01,0.3230775577671517
75% Corpus,23,asymmetric,0.31,0.36813600775003585
75% Corpus,23,asymmetric,0.61,0.37619833637275363
75% Corpus,23,asymmetric,0.9099999999999999,0.3144401657304949
75% Corpus,23,asymmetric,symmetric,0.3195023733618988
75% Corpus,24,0.01,0.01,0.3155361223788262
75% Corpus,24,0.01,0.31,0.3870712142343459
75% Corpus,24,0.01,0.61,0.37886075850736184
75% Corpus,24,0.01,0.9099999999999999,0.32995487828135306
75% Corpus,24,0.01,symmetric,0.32063020510651863
75% Corpus,24,0.31,0.01,0.33058652952700673
75% Corpus,24,0.31,0.31,0.37944097843917246
75% Corpus,24,0.31,0.61,0.3607757482992491
75% Corpus,24,0.31,0.9099999999999999,0.3412363941502956
75% Corpus,24,0.31,symmetric,0.3315446726615482
75% Corpus,24,0.61,0.01,0.3545346580525349
75% Corpus,24,0.61,0.31,0.3415032045068258
75% Corpus,24,0.61,0.61,0.38121819221257935
75% Corpus,24,0.61,0.9099999999999999,0.32179769079554627
75% Corpus,24,0.61,symmetric,0.35682036553216595
75% Corpus,24,0.9099999999999999,0.01,0.3360110709343951
75% Corpus,24,0.9099999999999999,0.31,0.3497822298197255
75% Corpus,24,0.9099999999999999,0.61,0.3589897222314399
75% Corpus,24,0.9099999999999999,0.9099999999999999,0.31990346009103443
75% Corpus,24,0.9099999999999999,symmetric,0.3226884419102425
75% Corpus,24,symmetric,0.01,0.321029476851905
75% Corpus,24,symmetric,0.31,0.3509973227845393
75% Corpus,24,symmetric,0.61,0.3704090628132895
75% Corpus,24,symmetric,0.9099999999999999,0.3305525076065876
75% Corpus,24,symmetric,symmetric,0.3071434619506114
75% Corpus,24,asymmetric,0.01,0.3552413861728472
75% Corpus,24,asymmetric,0.31,0.40816593107062255
75% Corpus,24,asymmetric,0.61,0.3547223209460099
75% Corpus,24,asymmetric,0.9099999999999999,0.2948719077910969
75% Corpus,24,asymmetric,symmetric,0.33788637117894477
75% Corpus,25,0.01,0.01,0.35079104560075414
75% Corpus,25,0.01,0.31,0.36118620455067885
75% Corpus,25,0.01,0.61,0.34618139470582265
75% Corpus,25,0.01,0.9099999999999999,0.3350191592455104
75% Corpus,25,0.01,symmetric,0.30911225023754485
75% Corpus,25,0.31,0.01,0.32537036873739056
75% Corpus,25,0.31,0.31,0.33641164449742816
75% Corpus,25,0.31,0.61,0.35851910673283266
75% Corpus,25,0.31,0.9099999999999999,0.324752661467677
75% Corpus,25,0.31,symmetric,0.315287144641609
75% Corpus,25,0.61,0.01,0.3214941568828662
75% Corpus,25,0.61,0.31,0.3393157251451809
75% Corpus,25,0.61,0.61,0.3231398995720388
75% Corpus,25,0.61,0.9099999999999999,0.31445200385730215
75% Corpus,25,0.61,symmetric,0.3241893439401175
75% Corpus,25,0.9099999999999999,0.01,0.3497862290342113
75% Corpus,25,0.9099999999999999,0.31,0.34828428600822225
75% Corpus,25,0.9099999999999999,0.61,0.35944124112417186
75% Corpus,25,0.9099999999999999,0.9099999999999999,0.31673018085979027
75% Corpus,25,0.9099999999999999,symmetric,0.34424369852441417
75% Corpus,25,symmetric,0.01,0.3469334797672411
75% Corpus,25,symmetric,0.31,0.3674152411784511
75% Corpus,25,symmetric,0.61,0.36760489554154563
75% Corpus,25,symmetric,0.9099999999999999,0.32903062333241506
75% Corpus,25,symmetric,symmetric,0.33765414417746586
75% Corpus,25,asymmetric,0.01,0.3271327180953249
75% Corpus,25,asymmetric,0.31,0.3211478674437191
75% Corpus,25,asymmetric,0.61,0.36380686012494984
75% Corpus,25,asymmetric,0.9099999999999999,0.3479962170795353
75% Corpus,25,asymmetric,symmetric,0.3218856979244519
75% Corpus,26,0.01,0.01,0.3157858336773982
75% Corpus,26,0.01,0.31,0.3581292735145548
75% Corpus,26,0.01,0.61,0.36420863298803335
75% Corpus,26,0.01,0.9099999999999999,0.32862727607781045
75% Corpus,26,0.01,symmetric,0.30723527874752077
75% Corpus,26,0.31,0.01,0.33777852486649657
75% Corpus,26,0.31,0.31,0.38240559856567574
75% Corpus,26,0.31,0.61,0.36927711967084853
75% Corpus,26,0.31,0.9099999999999999,0.3309557049384378
75% Corpus,26,0.31,symmetric,0.3477772065748404
75% Corpus,26,0.61,0.01,0.3435823835364999
75% Corpus,26,0.61,0.31,0.3437627904693289
75% Corpus,26,0.61,0.61,0.3789859412319268
75% Corpus,26,0.61,0.9099999999999999,0.3109570489034803
75% Corpus,26,0.61,symmetric,0.33428067442568876
75% Corpus,26,0.9099999999999999,0.01,0.34270823035520476
75% Corpus,26,0.9099999999999999,0.31,0.3309356011051077
75% Corpus,26,0.9099999999999999,0.61,0.3346309817298111
75% Corpus,26,0.9099999999999999,0.9099999999999999,0.34175877196282595
75% Corpus,26,0.9099999999999999,symmetric,0.33314254673309124
75% Corpus,26,symmetric,0.01,0.32509928374263614
75% Corpus,26,symmetric,0.31,0.3662116058039764
75% Corpus,26,symmetric,0.61,0.4089547937315372
75% Corpus,26,symmetric,0.9099999999999999,0.32098956888831565
75% Corpus,26,symmetric,symmetric,0.3111207179117248
75% Corpus,26,asymmetric,0.01,0.32924107073956654
75% Corpus,26,asymmetric,0.31,0.3436246491911969
75% Corpus,26,asymmetric,0.61,0.3491310611788998
75% Corpus,26,asymmetric,0.9099999999999999,0.3611606043704396
75% Corpus,26,asymmetric,symmetric,0.3608615456681481
75% Corpus,27,0.01,0.01,0.3383271173344523
75% Corpus,27,0.01,0.31,0.36049372628470394
75% Corpus,27,0.01,0.61,0.3859193608555515
75% Corpus,27,0.01,0.9099999999999999,0.34367429550676093
75% Corpus,27,0.01,symmetric,0.32873965456275633
75% Corpus,27,0.31,0.01,0.3175147351601371
75% Corpus,27,0.31,0.31,0.33693120666428267
75% Corpus,27,0.31,0.61,0.3489443162863494
75% Corpus,27,0.31,0.9099999999999999,0.31300487152984147
75% Corpus,27,0.31,symmetric,0.35201934390910417
75% Corpus,27,0.61,0.01,0.32476757619039043
75% Corpus,27,0.61,0.31,0.3672647095624422
75% Corpus,27,0.61,0.61,0.3607026778868187
75% Corpus,27,0.61,0.9099999999999999,0.32955767586382756
75% Corpus,27,0.61,symmetric,0.31864544910874987
75% Corpus,27,0.9099999999999999,0.01,0.33611784533122757
75% Corpus,27,0.9099999999999999,0.31,0.360180862884718
75% Corpus,27,0.9099999999999999,0.61,0.34282686947738816
75% Corpus,27,0.9099999999999999,0.9099999999999999,0.302160162636249
75% Corpus,27,0.9099999999999999,symmetric,0.34760834704719423
75% Corpus,27,symmetric,0.01,0.3247506956092767
75% Corpus,27,symmetric,0.31,0.38127050903510634
75% Corpus,27,symmetric,0.61,0.36252313301217665
75% Corpus,27,symmetric,0.9099999999999999,0.35405218731786076
75% Corpus,27,symmetric,symmetric,0.3235336842538989
75% Corpus,27,asymmetric,0.01,0.32855292966290706
75% Corpus,27,asymmetric,0.31,0.3364373333956469
75% Corpus,27,asymmetric,0.61,0.37183345402158435
75% Corpus,27,asymmetric,0.9099999999999999,0.3019489189672015
75% Corpus,27,asymmetric,symmetric,0.31430181406949464
75% Corpus,28,0.01,0.01,0.33830628472398794
75% Corpus,28,0.01,0.31,0.3928416165411254
75% Corpus,28,0.01,0.61,0.3927966658468132
75% Corpus,28,0.01,0.9099999999999999,0.327235146208099
75% Corpus,28,0.01,symmetric,0.33703294980527027
75% Corpus,28,0.31,0.01,0.3526204193713684
75% Corpus,28,0.31,0.31,0.3632581141134158
75% Corpus,28,0.31,0.61,0.37845547930323103
75% Corpus,28,0.31,0.9099999999999999,0.3236550543294271
75% Corpus,28,0.31,symmetric,0.3258242968651331
75% Corpus,28,0.61,0.01,0.33667685445939016
75% Corpus,28,0.61,0.31,0.38181689228218624
75% Corpus,28,0.61,0.61,0.36890813324009464
75% Corpus,28,0.61,0.9099999999999999,0.31411616850764434
75% Corpus,28,0.61,symmetric,0.3383510773262819
75% Corpus,28,0.9099999999999999,0.01,0.329718186046612
75% Corpus,28,0.9099999999999999,0.31,0.36942858821885166
75% Corpus,28,0.9099999999999999,0.61,0.3581228456614744
75% Corpus,28,0.9099999999999999,0.9099999999999999,0.3389508517437903
75% Corpus,28,0.9099999999999999,symmetric,0.3218441814131343
75% Corpus,28,symmetric,0.01,0.31682541671131037
75% Corpus,28,symmetric,0.31,0.3670991375295604
75% Corpus,28,symmetric,0.61,0.3552181505788928
75% Corpus,28,symmetric,0.9099999999999999,0.34336625678440663
75% Corpus,28,symmetric,symmetric,0.3127749809022386
75% Corpus,28,asymmetric,0.01,0.3436791186987814
75% Corpus,28,asymmetric,0.31,0.38602793960975085
75% Corpus,28,asymmetric,0.61,0.36473089628550637
75% Corpus,28,asymmetric,0.9099999999999999,0.33144139410940643
75% Corpus,28,asymmetric,symmetric,0.35818326495569675
75% Corpus,29,0.01,0.01,0.3556142180810179
75% Corpus,29,0.01,0.31,0.3475319142185144
75% Corpus,29,0.01,0.61,0.3657305238792441
75% Corpus,29,0.01,0.9099999999999999,0.3194872314824312
75% Corpus,29,0.01,symmetric,0.34901709428113176
75% Corpus,29,0.31,0.01,0.32983415091482754
75% Corpus,29,0.31,0.31,0.3762053250378361
75% Corpus,29,0.31,0.61,0.33336739650737396
75% Corpus,29,0.31,0.9099999999999999,0.32508545850045273
75% Corpus,29,0.31,symmetric,0.3140236142742069
75% Corpus,29,0.61,0.01,0.3227897329787093
75% Corpus,29,0.61,0.31,0.3401761699414391
75% Corpus,29,0.61,0.61,0.34144894029590955
75% Corpus,29,0.61,0.9099999999999999,0.3384849418494265
75% Corpus,29,0.61,symmetric,0.3333627319654997
75% Corpus,29,0.9099999999999999,0.01,0.3640757130444004
75% Corpus,29,0.9099999999999999,0.31,0.332119715506378
75% Corpus,29,0.9099999999999999,0.61,0.335295473857001
75% Corpus,29,0.9099999999999999,0.9099999999999999,0.30490907623309255
75% Corpus,29,0.9099999999999999,symmetric,0.34617940525539975
75% Corpus,29,symmetric,0.01,0.34445568633653956
75% Corpus,29,symmetric,0.31,0.3683682762930023
75% Corpus,29,symmetric,0.61,0.3678181565436947
75% Corpus,29,symmetric,0.9099999999999999,0.3380956105816166
75% Corpus,29,symmetric,symmetric,0.33690114541414884
75% Corpus,29,asymmetric,0.01,0.3320341571113514
75% Corpus,29,asymmetric,0.31,0.3506176575909341
75% Corpus,29,asymmetric,0.61,0.3793086123711255
75% Corpus,29,asymmetric,0.9099999999999999,0.3158485683438005
75% Corpus,29,asymmetric,symmetric,0.3142474408069422
100% Corpus,2,0.01,0.01,0.3579660236001009
100% Corpus,2,0.01,0.31,0.4043949096835942
100% Corpus,2,0.01,0.61,0.4331242413921166
100% Corpus,2,0.01,0.9099999999999999,0.36651190370776277
100% Corpus,2,0.01,symmetric,0.3332841194171937
100% Corpus,2,0.31,0.01,0.36486302811690857
100% Corpus,2,0.31,0.31,0.38839120567575836
100% Corpus,2,0.31,0.61,0.3937030905127248
100% Corpus,2,0.31,0.9099999999999999,0.3725322951195424
100% Corpus,2,0.31,symmetric,0.3747335265787174
100% Corpus,2,0.61,0.01,0.37130005037308456
100% Corpus,2,0.61,0.31,0.38704996861818963
100% Corpus,2,0.61,0.61,0.3719832642000067
100% Corpus,2,0.61,0.9099999999999999,0.32930867363365884
100% Corpus,2,0.61,symmetric,0.35827708643220624
100% Corpus,2,0.9099999999999999,0.01,0.36306015731036506
100% Corpus,2,0.9099999999999999,0.31,0.36197280614600286
100% Corpus,2,0.9099999999999999,0.61,0.3635810167401219
100% Corpus,2,0.9099999999999999,0.9099999999999999,0.3504924197141688
100% Corpus,2,0.9099999999999999,symmetric,0.3563897167774652
100% Corpus,2,symmetric,0.01,0.3545310657151838
100% Corpus,2,symmetric,0.31,0.41239900269499274
100% Corpus,2,symmetric,0.61,0.4232946850995439
100% Corpus,2,symmetric,0.9099999999999999,0.3820658861461279
100% Corpus,2,symmetric,symmetric,0.3327048090653161
100% Corpus,2,asymmetric,0.01,0.34793205110987513
100% Corpus,2,asymmetric,0.31,0.40260467593168914
100% Corpus,2,asymmetric,0.61,0.44072689451508723
100% Corpus,2,asymmetric,0.9099999999999999,0.355268433647852
100% Corpus,2,asymmetric,symmetric,0.3456424298011542
100% Corpus,3,0.01,0.01,0.3622728851643428
100% Corpus,3,0.01,0.31,0.3972438870765519
100% Corpus,3,0.01,0.61,0.3868443120653575
100% Corpus,3,0.01,0.9099999999999999,0.4155796061587662
100% Corpus,3,0.01,symmetric,0.32721501114629037
100% Corpus,3,0.31,0.01,0.35422559245437835
100% Corpus,3,0.31,0.31,0.3743199304936769
100% Corpus,3,0.31,0.61,0.406164020153877
100% Corpus,3,0.31,0.9099999999999999,0.44837205329304375
100% Corpus,3,0.31,symmetric,0.3304640783183583
100% Corpus,3,0.61,0.01,0.35737578947463916
100% Corpus,3,0.61,0.31,0.36578112555554476
100% Corpus,3,0.61,0.61,0.3472794880433375
100% Corpus,3,0.61,0.9099999999999999,0.36553363953938595
100% Corpus,3,0.61,symmetric,0.3436171312167973
100% Corpus,3,0.9099999999999999,0.01,0.3727920867529214
100% Corpus,3,0.9099999999999999,0.31,0.36435281088751015
100% Corpus,3,0.9099999999999999,0.61,0.3431983282137484
100% Corpus,3,0.9099999999999999,0.9099999999999999,0.32424604975444327
100% Corpus,3,0.9099999999999999,symmetric,0.3723910485658494
100% Corpus,3,symmetric,0.01,0.3553365326545247
100% Corpus,3,symmetric,0.31,0.3868743959500472
100% Corpus,3,symmetric,0.61,0.38269948713046814
100% Corpus,3,symmetric,0.9099999999999999,0.44648967029222736
100% Corpus,3,symmetric,symmetric,0.3354730780587094
100% Corpus,3,asymmetric,0.01,0.3499692297484782
100% Corpus,3,asymmetric,0.31,0.3982921331020418
100% Corpus,3,asymmetric,0.61,0.434800258979676
100% Corpus,3,asymmetric,0.9099999999999999,0.38132157374407283
100% Corpus,3,asymmetric,symmetric,0.33201685018362376
100% Corpus,4,0.01,0.01,0.3523015310398631
100% Corpus,4,0.01,0.31,0.3890024803753113
100% Corpus,4,0.01,0.61,0.4235746366323724
100% Corpus,4,0.01,0.9099999999999999,0.4003773558107076
100% Corpus,4,0.01,symmetric,0.3273921212171423
100% Corpus,4,0.31,0.01,0.34143502384855084
100% Corpus,4,0.31,0.31,0.3929809863578718
100% Corpus,4,0.31,0.61,0.3932607666986809
100% Corpus,4,0.31,0.9099999999999999,0.4139453370774495
100% Corpus,4,0.31,symmetric,0.3694527453547429
100% Corpus,4,0.61,0.01,0.38026718899162487
100% Corpus,4,0.61,0.31,0.37746434856822253
100% Corpus,4,0.61,0.61,0.38707398675803417
100% Corpus,4,0.61,0.9099999999999999,0.3177208624749055
100% Corpus,4,0.61,symmetric,0.34414508258566784
100% Corpus,4,0.9099999999999999,0.01,0.3852481492429413
100% Corpus,4,0.9099999999999999,0.31,0.3486787870776603
100% Corpus,4,0.9099999999999999,0.61,0.3498334318572975
100% Corpus,4,0.9099999999999999,0.9099999999999999,0.3359822284375108
100% Corpus,4,0.9099999999999999,symmetric,0.3399931510093601
100% Corpus,4,symmetric,0.01,0.33359738107672166
100% Corpus,4,symmetric,0.31,0.4055153964487461
100% Corpus,4,symmetric,0.61,0.4480325277947484
100% Corpus,4,symmetric,0.9099999999999999,0.3581691219952173
100% Corpus,4,symmetric,symmetric,0.33600468851188114
100% Corpus,4,asymmetric,0.01,0.3580529250316275
100% Corpus,4,asymmetric,0.31,0.38295768849268885
100% Corpus,4,asymmetric,0.61,0.43388006305634214
100% Corpus,4,asymmetric,0.9099999999999999,0.36582777879284645
100% Corpus,4,asymmetric,symmetric,0.34140624856175017
100% Corpus,5,0.01,0.01,0.34872404117190237
100% Corpus,5,0.01,0.31,0.38083341890184974
100% Corpus,5,0.01,0.61,0.3711074758705611
100% Corpus,5,0.01,0.9099999999999999,0.4696743071288247
100% Corpus,5,0.01,symmetric,0.34717389382638514
100% Corpus,5,0.31,0.01,0.3574365361049603
100% Corpus,5,0.31,0.31,0.40179592848485635
100% Corpus,5,0.31,0.61,0.38238956107937006
100% Corpus,5,0.31,0.9099999999999999,0.44010621895464985
100% Corpus,5,0.31,symmetric,0.32048565453518146
100% Corpus,5,0.61,0.01,0.3509660036391242
100% Corpus,5,0.61,0.31,0.37541614245195304
100% Corpus,5,0.61,0.61,0.44021345550267726
100% Corpus,5,0.61,0.9099999999999999,0.3520214274079706
100% Corpus,5,0.61,symmetric,0.33481918083512563
100% Corpus,5,0.9099999999999999,0.01,0.35956069294359205
100% Corpus,5,0.9099999999999999,0.31,0.38902242399279596
100% Corpus,5,0.9099999999999999,0.61,0.3561425933085499
100% Corpus,5,0.9099999999999999,0.9099999999999999,0.3624907446054349
100% Corpus,5,0.9099999999999999,symmetric,0.36799248631327497
100% Corpus,5,symmetric,0.01,0.3565063282327744
100% Corpus,5,symmetric,0.31,0.4083295852379019
100% Corpus,5,symmetric,0.61,0.40015408834566685
100% Corpus,5,symmetric,0.9099999999999999,0.4251210456949073
100% Corpus,5,symmetric,symmetric,0.33487766564092303
100% Corpus,5,asymmetric,0.01,0.3459557970821531
100% Corpus,5,asymmetric,0.31,0.4176527191229034
100% Corpus,5,asymmetric,0.61,0.4095800638666949
100% Corpus,5,asymmetric,0.9099999999999999,0.42308847033048985
100% Corpus,5,asymmetric,symmetric,0.34432523914561436
100% Corpus,6,0.01,0.01,0.3417299963935482
100% Corpus,6,0.01,0.31,0.3737329138820855
100% Corpus,6,0.01,0.61,0.4308924129394674
100% Corpus,6,0.01,0.9099999999999999,0.4047083625369102
100% Corpus,6,0.01,symmetric,0.33118582884093306
100% Corpus,6,0.31,0.01,0.3555113651391032
100% Corpus,6,0.31,0.31,0.37521142652585976
100% Corpus,6,0.31,0.61,0.36362321965279354
100% Corpus,6,0.31,0.9099999999999999,0.41110192922002015
100% Corpus,6,0.31,symmetric,0.3333474609724014
100% Corpus,6,0.61,0.01,0.36255131920177885
100% Corpus,6,0.61,0.31,0.404393297395016
100% Corpus,6,0.61,0.61,0.3917898557954312
100% Corpus,6,0.61,0.9099999999999999,0.35642920031097286
100% Corpus,6,0.61,symmetric,0.341486575641921
100% Corpus,6,0.9099999999999999,0.01,0.35313666044704733
100% Corpus,6,0.9099999999999999,0.31,0.3639110806977559
100% Corpus,6,0.9099999999999999,0.61,0.36085699277493705
100% Corpus,6,0.9099999999999999,0.9099999999999999,0.32619817858244954
100% Corpus,6,0.9099999999999999,symmetric,0.36413704371549765
100% Corpus,6,symmetric,0.01,0.34235072099393205
100% Corpus,6,symmetric,0.31,0.3888650782297376
100% Corpus,6,symmetric,0.61,0.4257161827843193
100% Corpus,6,symmetric,0.9099999999999999,0.36609105438237033
100% Corpus,6,symmetric,symmetric,0.35200649826151187
100% Corpus,6,asymmetric,0.01,0.3475201092230397
100% Corpus,6,asymmetric,0.31,0.39854635194104754
100% Corpus,6,asymmetric,0.61,0.4210199990062967
100% Corpus,6,asymmetric,0.9099999999999999,0.4016889343715622
100% Corpus,6,asymmetric,symmetric,0.33891913873444596
100% Corpus,7,0.01,0.01,0.3609290523506597
100% Corpus,7,0.01,0.31,0.3920919608457966
100% Corpus,7,0.01,0.61,0.39217234226267805
100% Corpus,7,0.01,0.9099999999999999,0.44913257224299774
100% Corpus,7,0.01,symmetric,0.344335486820442
100% Corpus,7,0.31,0.01,0.3637034893335502
100% Corpus,7,0.31,0.31,0.3872145959893341
100% Corpus,7,0.31,0.61,0.44353303888581225
100% Corpus,7,0.31,0.9099999999999999,0.31759401156100553
100% Corpus,7,0.31,symmetric,0.34942106193561195
100% Corpus,7,0.61,0.01,0.36809919666869795
100% Corpus,7,0.61,0.31,0.37047323146008027
100% Corpus,7,0.61,0.61,0.39288741416625284
100% Corpus,7,0.61,0.9099999999999999,0.32409326231119273
100% Corpus,7,0.61,symmetric,0.3477939490970409
100% Corpus,7,0.9099999999999999,0.01,0.36604089127583617
100% Corpus,7,0.9099999999999999,0.31,0.35844551575291733
100% Corpus,7,0.9099999999999999,0.61,0.3507364641174487
100% Corpus,7,0.9099999999999999,0.9099999999999999,0.33939765883515005
100% Corpus,7,0.9099999999999999,symmetric,0.3649315843584475
100% Corpus,7,symmetric,0.01,0.3645129524003561
100% Corpus,7,symmetric,0.31,0.37896165198311194
100% Corpus,7,symmetric,0.61,0.41608551670656285
100% Corpus,7,symmetric,0.9099999999999999,0.47497238304418943
100% Corpus,7,symmetric,symmetric,0.35687782275860164
100% Corpus,7,asymmetric,0.01,0.3676600146772546
100% Corpus,7,asymmetric,0.31,0.40940784809554476
100% Corpus,7,asymmetric,0.61,0.4479398376111711
100% Corpus,7,asymmetric,0.9099999999999999,0.43076526346299837
100% Corpus,7,asymmetric,symmetric,0.3430259948582577
100% Corpus,8,0.01,0.01,0.3558821129662584
100% Corpus,8,0.01,0.31,0.41728920198878944
100% Corpus,8,0.01,0.61,0.38623301432029095
100% Corpus,8,0.01,0.9099999999999999,0.35860298407127583
100% Corpus,8,0.01,symmetric,0.3515384524919801
100% Corpus,8,0.31,0.01,0.354597021863484
100% Corpus,8,0.31,0.31,0.3878788530519216
100% Corpus,8,0.31,0.61,0.36294186740510237
100% Corpus,8,0.31,0.9099999999999999,0.3733612598683877
100% Corpus,8,0.31,symmetric,0.3691857371597741
100% Corpus,8,0.61,0.01,0.39223980561262123
100% Corpus,8,0.61,0.31,0.3655336494558324
100% Corpus,8,0.61,0.61,0.3546638614762333
100% Corpus,8,0.61,0.9099999999999999,0.35213562972433166
100% Corpus,8,0.61,symmetric,0.3607716023885772
100% Corpus,8,0.9099999999999999,0.01,0.3696154570094312
100% Corpus,8,0.9099999999999999,0.31,0.34948074590786404
100% Corpus,8,0.9099999999999999,0.61,0.3622729743902275
100% Corpus,8,0.9099999999999999,0.9099999999999999,0.3498533890144214
100% Corpus,8,0.9099999999999999,symmetric,0.36630544965362755
100% Corpus,8,symmetric,0.01,0.3410361101263037
100% Corpus,8,symmetric,0.31,0.4001193626354295
100% Corpus,8,symmetric,0.61,0.3800934470590525
100% Corpus,8,symmetric,0.9099999999999999,0.38178516715492944
100% Corpus,8,symmetric,symmetric,0.3258267281647663
100% Corpus,8,asymmetric,0.01,0.3576427991421461
100% Corpus,8,asymmetric,0.31,0.3721734975588741
100% Corpus,8,asymmetric,0.61,0.36688537836825824
100% Corpus,8,asymmetric,0.9099999999999999,0.3604508164574822
100% Corpus,8,asymmetric,symmetric,0.3533342360618891
100% Corpus,9,0.01,0.01,0.3556064088676948
100% Corpus,9,0.01,0.31,0.3707587343145451
100% Corpus,9,0.01,0.61,0.4046815646088574
100% Corpus,9,0.01,0.9099999999999999,0.44720535360631586
100% Corpus,9,0.01,symmetric,0.34829514013381613
100% Corpus,9,0.31,0.01,0.36022715074110434
100% Corpus,9,0.31,0.31,0.3725293069428625
100% Corpus,9,0.31,0.61,0.4347979701195772
100% Corpus,9,0.31,0.9099999999999999,0.4156754070403705
100% Corpus,9,0.31,symmetric,0.3582463292236229
100% Corpus,9,0.61,0.01,0.36764818663995996
100% Corpus,9,0.61,0.31,0.38024438192858695
100% Corpus,9,0.61,0.61,0.3702624994893698
100% Corpus,9,0.61,0.9099999999999999,0.3227587709566829
100% Corpus,9,0.61,symmetric,0.3602359748881091
100% Corpus,9,0.9099999999999999,0.01,0.35933877402429026
100% Corpus,9,0.9099999999999999,0.31,0.34782083016086685
100% Corpus,9,0.9099999999999999,0.61,0.35610288432598
100% Corpus,9,0.9099999999999999,0.9099999999999999,0.3615122959939701
100% Corpus,9,0.9099999999999999,symmetric,0.35799115669142495
100% Corpus,9,symmetric,0.01,0.3603067852439619
100% Corpus,9,symmetric,0.31,0.397250265320061
100% Corpus,9,symmetric,0.61,0.43272729354953643
100% Corpus,9,symmetric,0.9099999999999999,0.3244178693699446
100% Corpus,9,symmetric,symmetric,0.36205380737972387
100% Corpus,9,asymmetric,0.01,0.3226928897789463
100% Corpus,9,asymmetric,0.31,0.3568187711566226
100% Corpus,9,asymmetric,0.61,0.444812028191108
100% Corpus,9,asymmetric,0.9099999999999999,0.35740774460063873
100% Corpus,9,asymmetric,symmetric,0.33294357769497984
100% Corpus,10,0.01,0.01,0.3310817429737145
100% Corpus,10,0.01,0.31,0.4014044074287402
100% Corpus,10,0.01,0.61,0.4195877848574405
100% Corpus,10,0.01,0.9099999999999999,0.4039766559614023
100% Corpus,10,0.01,symmetric,0.3628251495058439
100% Corpus,10,0.31,0.01,0.3692712133030121
100% Corpus,10,0.31,0.31,0.40665297947051954
100% Corpus,10,0.31,0.61,0.41693189334386005
100% Corpus,10,0.31,0.9099999999999999,0.4244054634609887
100% Corpus,10,0.31,symmetric,0.3631286423128724
100% Corpus,10,0.61,0.01,0.36757173014659694
100% Corpus,10,0.61,0.31,0.38941145020622064
100% Corpus,10,0.61,0.61,0.3518898320698919
100% Corpus,10,0.61,0.9099999999999999,0.3734898046109081
100% Corpus,10,0.61,symmetric,0.34595648721727634
100% Corpus,10,0.9099999999999999,0.01,0.357948919147687
100% Corpus,10,0.9099999999999999,0.31,0.3512448014973527
100% Corpus,10,0.9099999999999999,0.61,0.3706405636813895
100% Corpus,10,0.9099999999999999,0.9099999999999999,0.3347735389419541
100% Corpus,10,0.9099999999999999,symmetric,0.3424677098540858
100% Corpus,10,symmetric,0.01,0.3421138074258147
100% Corpus,10,symmetric,0.31,0.39457530390368445
100% Corpus,10,symmetric,0.61,0.38793917146649487
100% Corpus,10,symmetric,0.9099999999999999,0.41754011229551335
100% Corpus,10,symmetric,symmetric,0.33363588782767883
100% Corpus,10,asymmetric,0.01,0.3548928170838639
100% Corpus,10,asymmetric,0.31,0.3873684133019481
100% Corpus,10,asymmetric,0.61,0.3718426685786942
100% Corpus,10,asymmetric,0.9099999999999999,0.4090542762156451
100% Corpus,10,asymmetric,symmetric,0.35424757418263725
100% Corpus,11,0.01,0.01,0.3591882683124333
100% Corpus,11,0.01,0.31,0.4214995340460217
100% Corpus,11,0.01,0.61,0.39768631781816827
100% Corpus,11,0.01,0.9099999999999999,0.3757964722544788
100% Corpus,11,0.01,symmetric,0.35197917895602066
100% Corpus,11,0.31,0.01,0.3510434078690715
100% Corpus,11,0.31,0.31,0.43181328136376784
100% Corpus,11,0.31,0.61,0.4125406706639965
100% Corpus,11,0.31,0.9099999999999999,0.34455609882068766
100% Corpus,11,0.31,symmetric,0.3334726770426792
100% Corpus,11,0.61,0.01,0.3604225137926382
100% Corpus,11,0.61,0.31,0.37814515124418846
100% Corpus,11,0.61,0.61,0.37818623235464144
100% Corpus,11,0.61,0.9099999999999999,0.35329134677386453
100% Corpus,11,0.61,symmetric,0.3709217994961593
100% Corpus,11,0.9099999999999999,0.01,0.35674843731042616
100% Corpus,11,0.9099999999999999,0.31,0.3474237056611798
100% Corpus,11,0.9099999999999999,0.61,0.36206026119884194
100% Corpus,11,0.9099999999999999,0.9099999999999999,0.3130330917203948
100% Corpus,11,0.9099999999999999,symmetric,0.3694231857356586
100% Corpus,11,symmetric,0.01,0.3569142930528126
100% Corpus,11,symmetric,0.31,0.41361829599314476
100% Corpus,11,symmetric,0.61,0.4430753089055898
100% Corpus,11,symmetric,0.9099999999999999,0.46267154616543915
100% Corpus,11,symmetric,symmetric,0.32675789207260203
100% Corpus,11,asymmetric,0.01,0.35280371914641806
100% Corpus,11,asymmetric,0.31,0.3890105455833211
100% Corpus,11,asymmetric,0.61,0.46796789788088883
100% Corpus,11,asymmetric,0.9099999999999999,0.3743455578064494
100% Corpus,11,asymmetric,symmetric,0.3354002951506676
100% Corpus,12,0.01,0.01,0.34718973763485017
100% Corpus,12,0.01,0.31,0.37870848082754893
100% Corpus,12,0.01,0.61,0.40692239076255354
100% Corpus,12,0.01,0.9099999999999999,0.41178053462659414
100% Corpus,12,0.01,symmetric,0.3385102794723656
100% Corpus,12,0.31,0.01,0.36649524067621103
100% Corpus,12,0.31,0.31,0.4008120589100632
100% Corpus,12,0.31,0.61,0.3989337748119048
100% Corpus,12,0.31,0.9099999999999999,0.3734376881540045
100% Corpus,12,0.31,symmetric,0.34496219594176425
100% Corpus,12,0.61,0.01,0.3649675910749221
100% Corpus,12,0.61,0.31,0.3852853805215941
100% Corpus,12,0.61,0.61,0.38038606328980457
100% Corpus,12,0.61,0.9099999999999999,0.40522312780333153
100% Corpus,12,0.61,symmetric,0.3441167598745189
100% Corpus,12,0.9099999999999999,0.01,0.3612514648918373
100% Corpus,12,0.9099999999999999,0.31,0.36405325948642164
100% Corpus,12,0.9099999999999999,0.61,0.36636687416490504
100% Corpus,12,0.9099999999999999,0.9099999999999999,0.35776796520238213
100% Corpus,12,0.9099999999999999,symmetric,0.3618722617980027
100% Corpus,12,symmetric,0.01,0.35548596914761804
100% Corpus,12,symmetric,0.31,0.39408754022624654
100% Corpus,12,symmetric,0.61,0.40042138960287293
100% Corpus,12,symmetric,0.9099999999999999,0.36962670080021964
100% Corpus,12,symmetric,symmetric,0.34065008740029035
100% Corpus,12,asymmetric,0.01,0.36118903045150563
100% Corpus,12,asymmetric,0.31,0.3872100053358085
100% Corpus,12,asymmetric,0.61,0.41679257486144444
100% Corpus,12,asymmetric,0.9099999999999999,0.41623013221584126
100% Corpus,12,asymmetric,symmetric,0.3548057597066956
100% Corpus,13,0.01,0.01,0.34157773774910616
100% Corpus,13,0.01,0.31,0.40607366239487885
100% Corpus,13,0.01,0.61,0.3802635027690527
100% Corpus,13,0.01,0.9099999999999999,0.3671453180357731
100% Corpus,13,0.01,symmetric,0.34204266590265625
100% Corpus,13,0.31,0.01,0.3551161450504871
100% Corpus,13,0.31,0.31,0.3725777216099306
100% Corpus,13,0.31,0.61,0.4267007367378502
100% Corpus,13,0.31,0.9099999999999999,0.3743669420564022
100% Corpus,13,0.31,symmetric,0.34105859537794875
100% Corpus,13,0.61,0.01,0.3708968941337769
100% Corpus,13,0.61,0.31,0.3804686840196809
100% Corpus,13,0.61,0.61,0.38866754954896054
100% Corpus,13,0.61,0.9099999999999999,0.3665330627618386
100% Corpus,13,0.61,symmetric,0.3638341474871231
100% Corpus,13,0.9099999999999999,0.01,0.3719247333409117
100% Corpus,13,0.9099999999999999,0.31,0.34100429090996126
100% Corpus,13,0.9099999999999999,0.61,0.3547903282135534
100% Corpus,13,0.9099999999999999,0.9099999999999999,0.367375109045808
100% Corpus,13,0.9099999999999999,symmetric,0.360610022954846
100% Corpus,13,symmetric,0.01,0.36029465860767684
100% Corpus,13,symmetric,0.31,0.38150378359925585
100% Corpus,13,symmetric,0.61,0.3771427507605244
100% Corpus,13,symmetric,0.9099999999999999,0.40716474894560595
100% Corpus,13,symmetric,symmetric,0.34008537769474645
100% Corpus,13,asymmetric,0.01,0.34530453312089304
100% Corpus,13,asymmetric,0.31,0.40595651643608305
100% Corpus,13,asymmetric,0.61,0.4378483592769873
100% Corpus,13,asymmetric,0.9099999999999999,0.39850971278789626
100% Corpus,13,asymmetric,symmetric,0.337663828215145
100% Corpus,14,0.01,0.01,0.3449258349276678
100% Corpus,14,0.01,0.31,0.38449714285359915
100% Corpus,14,0.01,0.61,0.39796932682864333
100% Corpus,14,0.01,0.9099999999999999,0.38020095258983233
100% Corpus,14,0.01,symmetric,0.34660130777059234
100% Corpus,14,0.31,0.01,0.37400478011850974
100% Corpus,14,0.31,0.31,0.4174622445883448
100% Corpus,14,0.31,0.61,0.44553131703035675
100% Corpus,14,0.31,0.9099999999999999,0.3217634297147365
100% Corpus,14,0.31,symmetric,0.35857255968840535
100% Corpus,14,0.61,0.01,0.3666409061223236
100% Corpus,14,0.61,0.31,0.38516597164279287
100% Corpus,14,0.61,0.61,0.4092484075142913
100% Corpus,14,0.61,0.9099999999999999,0.38168199111982054
100% Corpus,14,0.61,symmetric,0.3266042820918272
100% Corpus,14,0.9099999999999999,0.01,0.3619413660244385
100% Corpus,14,0.9099999999999999,0.31,0.36399180195781455
100% Corpus,14,0.9099999999999999,0.61,0.33140080560177
100% Corpus,14,0.9099999999999999,0.9099999999999999,0.37141625700959496
100% Corpus,14,0.9099999999999999,symmetric,0.3552118729581714
100% Corpus,14,symmetric,0.01,0.3567692110587541
100% Corpus,14,symmetric,0.31,0.42642441421705946
100% Corpus,14,symmetric,0.61,0.3669376819751493
100% Corpus,14,symmetric,0.9099999999999999,0.4109907630075031
100% Corpus,14,symmetric,symmetric,0.35319847945995786
100% Corpus,14,asymmetric,0.01,0.3532914708683175
100% Corpus,14,asymmetric,0.31,0.38044147322372607
100% Corpus,14,asymmetric,0.61,0.39437215248744506
100% Corpus,14,asymmetric,0.9099999999999999,0.38625789896409907
100% Corpus,14,asymmetric,symmetric,0.34987735814459175
100% Corpus,15,0.01,0.01,0.35832940248623696
100% Corpus,15,0.01,0.31,0.4033917368618969
100% Corpus,15,0.01,0.61,0.41498709111682186
100% Corpus,15,0.01,0.9099999999999999,0.3809088991555962
100% Corpus,15,0.01,symmetric,0.32293563549211024
100% Corpus,15,0.31,0.01,0.3508149119643077
100% Corpus,15,0.31,0.31,0.3996394034268592
100% Corpus,15,0.31,0.61,0.35251666033050855
100% Corpus,15,0.31,0.9099999999999999,0.38588065081471457
100% Corpus,15,0.31,symmetric,0.33282743937035225
100% Corpus,15,0.61,0.01,0.35789868883504666
100% Corpus,15,0.61,0.31,0.385543021936349
100% Corpus,15,0.61,0.61,0.38325080254268973
100% Corpus,15,0.61,0.9099999999999999,0.3891083937872585
100% Corpus,15,0.61,symmetric,0.3445834589515482
100% Corpus,15,0.9099999999999999,0.01,0.35032356385224583
100% Corpus,15,0.9099999999999999,0.31,0.37376814052371204
100% Corpus,15,0.9099999999999999,0.61,0.3760841359930826
100% Corpus,15,0.9099999999999999,0.9099999999999999,0.3379286491878087
100% Corpus,15,0.9099999999999999,symmetric,0.36635067131763227
100% Corpus,15,symmetric,0.01,0.3435348551568456
100% Corpus,15,symmetric,0.31,0.42802982809395623
100% Corpus,15,symmetric,0.61,0.42684177025190473
100% Corpus,15,symmetric,0.9099999999999999,0.4397730007010732
100% Corpus,15,symmetric,symmetric,0.34482930735638256
100% Corpus,15,asymmetric,0.01,0.3479773981610855
100% Corpus,15,asymmetric,0.31,0.3811529122547138
100% Corpus,15,asymmetric,0.61,0.4372778091799734
100% Corpus,15,asymmetric,0.9099999999999999,0.40436256944829563
100% Corpus,15,asymmetric,symmetric,0.33115788190849327
100% Corpus,16,0.01,0.01,0.35873523457751993
100% Corpus,16,0.01,0.31,0.4051559283317409
100% Corpus,16,0.01,0.61,0.40671397761330286
100% Corpus,16,0.01,0.9099999999999999,0.4133495524173973
100% Corpus,16,0.01,symmetric,0.3615179783759616
100% Corpus,16,0.31,0.01,0.3580847733198884
100% Corpus,16,0.31,0.31,0.38319492325462806
100% Corpus,16,0.31,0.61,0.4082057693236747
100% Corpus,16,0.31,0.9099999999999999,0.38291570790865576
100% Corpus,16,0.31,symmetric,0.3519061854205783
100% Corpus,16,0.61,0.01,0.360009067176811
100% Corpus,16,0.61,0.31,0.4135341808882833
100% Corpus,16,0.61,0.61,0.4163187083544775
100% Corpus,16,0.61,0.9099999999999999,0.38651526211012155
100% Corpus,16,0.61,symmetric,0.34963951403337107
100% Corpus,16,0.9099999999999999,0.01,0.3692981671706831
100% Corpus,16,0.9099999999999999,0.31,0.3688388630570094
100% Corpus,16,0.9099999999999999,0.61,0.35009735827911254
100% Corpus,16,0.9099999999999999,0.9099999999999999,0.33423634834527505
100% Corpus,16,0.9099999999999999,symmetric,0.3452835497688151
100% Corpus,16,symmetric,0.01,0.36355929888981736
100% Corpus,16,symmetric,0.31,0.3934895676079874
100% Corpus,16,symmetric,0.61,0.3956192773092799
100% Corpus,16,symmetric,0.9099999999999999,0.386255692426674
100% Corpus,16,symmetric,symmetric,0.33688975532287535
100% Corpus,16,asymmetric,0.01,0.3323967658779819
100% Corpus,16,asymmetric,0.31,0.40263933364847154
100% Corpus,16,asymmetric,0.61,0.40852062822130253
100% Corpus,16,asymmetric,0.9099999999999999,0.42909940146689096
100% Corpus,16,asymmetric,symmetric,0.3477249485049147
100% Corpus,17,0.01,0.01,0.3396933396478897
100% Corpus,17,0.01,0.31,0.39311818498743656
100% Corpus,17,0.01,0.61,0.40233662000811116
100% Corpus,17,0.01,0.9099999999999999,0.388048727422246
100% Corpus,17,0.01,symmetric,0.3464769386072508
100% Corpus,17,0.31,0.01,0.3467024470637829
100% Corpus,17,0.31,0.31,0.39743768111184186
100% Corpus,17,0.31,0.61,0.3691348055316619
100% Corpus,17,0.31,0.9099999999999999,0.3603810385378996
100% Corpus,17,0.31,symmetric,0.34301771795953373
100% Corpus,17,0.61,0.01,0.37260450796629474
100% Corpus,17,0.61,0.31,0.38575696453574304
100% Corpus,17,0.61,0.61,0.3885502339097363
100% Corpus,17,0.61,0.9099999999999999,0.3483718748199636
100% Corpus,17,0.61,symmetric,0.3479437650374366
100% Corpus,17,0.9099999999999999,0.01,0.37295497002562666
100% Corpus,17,0.9099999999999999,0.31,0.3471232899778737
100% Corpus,17,0.9099999999999999,0.61,0.35719170283208895
100% Corpus,17,0.9099999999999999,0.9099999999999999,0.35062245885533616
100% Corpus,17,0.9099999999999999,symmetric,0.3652169981631169
100% Corpus,17,symmetric,0.01,0.3560596870898857
100% Corpus,17,symmetric,0.31,0.3963724813682579
100% Corpus,17,symmetric,0.61,0.4056113573496247
100% Corpus,17,symmetric,0.9099999999999999,0.3479326649879595
100% Corpus,17,symmetric,symmetric,0.3310859892532047
100% Corpus,17,asymmetric,0.01,0.3480010745311384
100% Corpus,17,asymmetric,0.31,0.38840254336314056
100% Corpus,17,asymmetric,0.61,0.4560334386735744
100% Corpus,17,asymmetric,0.9099999999999999,0.40045994673973695
100% Corpus,17,asymmetric,symmetric,0.3309377070865315
100% Corpus,18,0.01,0.01,0.35440440140831075
100% Corpus,18,0.01,0.31,0.38330220360100653
100% Corpus,18,0.01,0.61,0.3878213410378523
100% Corpus,18,0.01,0.9099999999999999,0.40945483135275934
100% Corpus,18,0.01,symmetric,0.3334080899241922
100% Corpus,18,0.31,0.01,0.35261598524973903
100% Corpus,18,0.31,0.31,0.406795095611737
100% Corpus,18,0.31,0.61,0.4214315706586363
100% Corpus,18,0.31,0.9099999999999999,0.38910931698272183
100% Corpus,18,0.31,symmetric,0.35615879796267635
100% Corpus,18,0.61,0.01,0.35995719325919784
100% Corpus,18,0.61,0.31,0.3700412937074764
100% Corpus,18,0.61,0.61,0.36954904381416737
100% Corpus,18,0.61,0.9099999999999999,0.3843663866976337
100% Corpus,18,0.61,symmetric,0.3623592728742251
100% Corpus,18,0.9099999999999999,0.01,0.37923502353400396
100% Corpus,18,0.9099999999999999,0.31,0.33597105665428445
100% Corpus,18,0.9099999999999999,0.61,0.36375606657766685
100% Corpus,18,0.9099999999999999,0.9099999999999999,0.3489326416642756
100% Corpus,18,0.9099999999999999,symmetric,0.3562867106410057
100% Corpus,18,symmetric,0.01,0.34296690733367186
100% Corpus,18,symmetric,0.31,0.4129923293805931
100% Corpus,18,symmetric,0.61,0.40088604110361065
100% Corpus,18,symmetric,0.9099999999999999,0.3841706468590785
100% Corpus,18,symmetric,symmetric,0.35688628425080415
100% Corpus,18,asymmetric,0.01,0.35139795296840015
100% Corpus,18,asymmetric,0.31,0.4126709454363025
100% Corpus,18,asymmetric,0.61,0.3919713363156325
100% Corpus,18,asymmetric,0.9099999999999999,0.4126616615033785
100% Corpus,18,asymmetric,symmetric,0.3557259334778215
100% Corpus,19,0.01,0.01,0.34528322889094915
100% Corpus,19,0.01,0.31,0.4061422446800331
100% Corpus,19,0.01,0.61,0.447289272440296
100% Corpus,19,0.01,0.9099999999999999,0.36169234156756763
100% Corpus,19,0.01,symmetric,0.3376422242369488
100% Corpus,19,0.31,0.01,0.3524692439977992
100% Corpus,19,0.31,0.31,0.393150741825226
100% Corpus,19,0.31,0.61,0.4067219325395299
100% Corpus,19,0.31,0.9099999999999999,0.3753586283997276
100% Corpus,19,0.31,symmetric,0.32502197459365606
100% Corpus,19,0.61,0.01,0.362989462663422
100% Corpus,19,0.61,0.31,0.38140425083176255
100% Corpus,19,0.61,0.61,0.33525351055206426
100% Corpus,19,0.61,0.9099999999999999,0.38275420508091806
100% Corpus,19,0.61,symmetric,0.3634553985599463
100% Corpus,19,0.9099999999999999,0.01,0.3859423935506126
100% Corpus,19,0.9099999999999999,0.31,0.3146780234316944
100% Corpus,19,0.9099999999999999,0.61,0.37862536860987356
100% Corpus,19,0.9099999999999999,0.9099999999999999,0.3527369429831046
100% Corpus,19,0.9099999999999999,symmetric,0.36450633679815686
100% Corpus,19,symmetric,0.01,0.35186583423171897
100% Corpus,19,symmetric,0.31,0.4229054324080619
100% Corpus,19,symmetric,0.61,0.3803956050553966
100% Corpus,19,symmetric,0.9099999999999999,0.4703629931809674
100% Corpus,19,symmetric,symmetric,0.33389623519407624
100% Corpus,19,asymmetric,0.01,0.3430858221798742
100% Corpus,19,asymmetric,0.31,0.38653275519942176
100% Corpus,19,asymmetric,0.61,0.4548010933947642
100% Corpus,19,asymmetric,0.9099999999999999,0.40217074878934755
100% Corpus,19,asymmetric,symmetric,0.3396914133063657
100% Corpus,20,0.01,0.01,0.3324131991048495
100% Corpus,20,0.01,0.31,0.4155959230226923
100% Corpus,20,0.01,0.61,0.4045007593905523
100% Corpus,20,0.01,0.9099999999999999,0.42417813787175207
100% Corpus,20,0.01,symmetric,0.3425363059992184
100% Corpus,20,0.31,0.01,0.3533477734651805
100% Corpus,20,0.31,0.31,0.36840977873794234
100% Corpus,20,0.31,0.61,0.40740705078005124
100% Corpus,20,0.31,0.9099999999999999,0.42727294733836263
100% Corpus,20,0.31,symmetric,0.3764648274696317
100% Corpus,20,0.61,0.01,0.3394094483495238
100% Corpus,20,0.61,0.31,0.39338897891534674
100% Corpus,20,0.61,0.61,0.41361194763427434
100% Corpus,20,0.61,0.9099999999999999,0.3660131078000144
100% Corpus,20,0.61,symmetric,0.34254744957234434
100% Corpus,20,0.9099999999999999,0.01,0.36306435984315055
100% Corpus,20,0.9099999999999999,0.31,0.3219591117273944
100% Corpus,20,0.9099999999999999,0.61,0.34173357262761794
100% Corpus,20,0.9099999999999999,0.9099999999999999,0.32618320334802847
100% Corpus,20,0.9099999999999999,symmetric,0.36021378900217055
100% Corpus,20,symmetric,0.01,0.3574048837525876
100% Corpus,20,symmetric,0.31,0.3973567073990822
100% Corpus,20,symmetric,0.61,0.39516125624968107
100% Corpus,20,symmetric,0.9099999999999999,0.3967545366619628
100% Corpus,20,symmetric,symmetric,0.35732061039538865
100% Corpus,20,asymmetric,0.01,0.34822395813320417
100% Corpus,20,asymmetric,0.31,0.38883775480010657
100% Corpus,20,asymmetric,0.61,0.45491129659985613
100% Corpus,20,asymmetric,0.9099999999999999,0.4453023945926391
100% Corpus,20,asymmetric,symmetric,0.33618147474424326
100% Corpus,21,0.01,0.01,0.34882659495602353
100% Corpus,21,0.01,0.31,0.3981203473402362
100% Corpus,21,0.01,0.61,0.38619384291598174
100% Corpus,21,0.01,0.9099999999999999,0.36503016213593065
100% Corpus,21,0.01,symmetric,0.3483799033906187
100% Corpus,21,0.31,0.01,0.35629391584990877
100% Corpus,21,0.31,0.31,0.39326818812015873
100% Corpus,21,0.31,0.61,0.4041069198533635
100% Corpus,21,0.31,0.9099999999999999,0.415111443000014
100% Corpus,21,0.31,symmetric,0.325576405801771
100% Corpus,21,0.61,0.01,0.3841804442344732
100% Corpus,21,0.61,0.31,0.40318708349001664
100% Corpus,21,0.61,0.61,0.42672783201188336
100% Corpus,21,0.61,0.9099999999999999,0.31377922037014727
100% Corpus,21,0.61,symmetric,0.3523988490265052
100% Corpus,21,0.9099999999999999,0.01,0.361074029722101
100% Corpus,21,0.9099999999999999,0.31,0.35385368642939624
100% Corpus,21,0.9099999999999999,0.61,0.3261567820063411
100% Corpus,21,0.9099999999999999,0.9099999999999999,0.33151660832948526
100% Corpus,21,0.9099999999999999,symmetric,0.3644697270213395
100% Corpus,21,symmetric,0.01,0.3370632395397862
100% Corpus,21,symmetric,0.31,0.35674633858926397
100% Corpus,21,symmetric,0.61,0.4029577492490727
100% Corpus,21,symmetric,0.9099999999999999,0.405860609747261
100% Corpus,21,symmetric,symmetric,0.34399914166189494
100% Corpus,21,asymmetric,0.01,0.35732128980199096
100% Corpus,21,asymmetric,0.31,0.39160941520941356
100% Corpus,21,asymmetric,0.61,0.3966532780631009
100% Corpus,21,asymmetric,0.9099999999999999,0.40726548187420153
100% Corpus,21,asymmetric,symmetric,0.3449308204755792
100% Corpus,22,0.01,0.01,0.34607768954986134
100% Corpus,22,0.01,0.31,0.4009909977731214
100% Corpus,22,0.01,0.61,0.421791099917644
100% Corpus,22,0.01,0.9099999999999999,0.3741454800398281
100% Corpus,22,0.01,symmetric,0.33875525343828644
100% Corpus,22,0.31,0.01,0.3577991190010447
100% Corpus,22,0.31,0.31,0.4209852076771957
100% Corpus,22,0.31,0.61,0.3869479966957516
100% Corpus,22,0.31,0.9099999999999999,0.3652252777991285
100% Corpus,22,0.31,symmetric,0.3760928321999314
100% Corpus,22,0.61,0.01,0.3720781486101217
100% Corpus,22,0.61,0.31,0.3688822134354521
100% Corpus,22,0.61,0.61,0.400481681834114
100% Corpus,22,0.61,0.9099999999999999,0.38539566428287997
100% Corpus,22,0.61,symmetric,0.3404683082037254
100% Corpus,22,0.9099999999999999,0.01,0.3555209292207644
100% Corpus,22,0.9099999999999999,0.31,0.3605601030322021
100% Corpus,22,0.9099999999999999,0.61,0.34716267999817974
100% Corpus,22,0.9099999999999999,0.9099999999999999,0.3266701186731765
100% Corpus,22,0.9099999999999999,symmetric,0.3352364044606033
100% Corpus,22,symmetric,0.01,0.3437712436780217
100% Corpus,22,symmetric,0.31,0.3974875355713098
100% Corpus,22,symmetric,0.61,0.3897385649024607
100% Corpus,22,symmetric,0.9099999999999999,0.3635899704439909
100% Corpus,22,symmetric,symmetric,0.3629009665115523
100% Corpus,22,asymmetric,0.01,0.34999008209791393
100% Corpus,22,asymmetric,0.31,0.3586937946123505
100% Corpus,22,asymmetric,0.61,0.4558594004039004
100% Corpus,22,asymmetric,0.9099999999999999,0.3925566345388128
100% Corpus,22,asymmetric,symmetric,0.3529710232809393
100% Corpus,23,0.01,0.01,0.35648465208225893
100% Corpus,23,0.01,0.31,0.3753891941374082
100% Corpus,23,0.01,0.61,0.3808710601030424
100% Corpus,23,0.01,0.9099999999999999,0.39596258914997
100% Corpus,23,0.01,symmetric,0.35536041108353017
100% Corpus,23,0.31,0.01,0.3534092524255203
100% Corpus,23,0.31,0.31,0.39485578436909224
100% Corpus,23,0.31,0.61,0.40903420509699195
100% Corpus,23,0.31,0.9099999999999999,0.3877221399407713
100% Corpus,23,0.31,symmetric,0.33211437667186616
100% Corpus,23,0.61,0.01,0.3661495404104648
100% Corpus,23,0.61,0.31,0.36302551118013177
100% Corpus,23,0.61,0.61,0.38271895103816383
100% Corpus,23,0.61,0.9099999999999999,0.33295744349340395
100% Corpus,23,0.61,symmetric,0.35951511589356316
100% Corpus,23,0.9099999999999999,0.01,0.366210945311716
100% Corpus,23,0.9099999999999999,0.31,0.33681943697735456
100% Corpus,23,0.9099999999999999,0.61,0.3335040932482092
100% Corpus,23,0.9099999999999999,0.9099999999999999,0.3328857687435938
100% Corpus,23,0.9099999999999999,symmetric,0.3419002210288516
100% Corpus,23,symmetric,0.01,0.34078687107755223
100% Corpus,23,symmetric,0.31,0.40756537338390864
100% Corpus,23,symmetric,0.61,0.3947255234417472
100% Corpus,23,symmetric,0.9099999999999999,0.35364682965692645
100% Corpus,23,symmetric,symmetric,0.35452233982817144
100% Corpus,23,asymmetric,0.01,0.3468307135840015
100% Corpus,23,asymmetric,0.31,0.34479735384926014
100% Corpus,23,asymmetric,0.61,0.4288687251230034
100% Corpus,23,asymmetric,0.9099999999999999,0.37978006224778577
100% Corpus,23,asymmetric,symmetric,0.3477461446397676
100% Corpus,24,0.01,0.01,0.3405819151909037
100% Corpus,24,0.01,0.31,0.3504071033793188
100% Corpus,24,0.01,0.61,0.3962089136125373
100% Corpus,24,0.01,0.9099999999999999,0.3652853054872996
100% Corpus,24,0.01,symmetric,0.32478286128483336
100% Corpus,24,0.31,0.01,0.355789422998505
100% Corpus,24,0.31,0.31,0.3666938680909526
100% Corpus,24,0.31,0.61,0.36698072405745485
100% Corpus,24,0.31,0.9099999999999999,0.31681351131126007
100% Corpus,24,0.31,symmetric,0.3543206406770308
100% Corpus,24,0.61,0.01,0.3507943532723617
100% Corpus,24,0.61,0.31,0.36377807166636067
100% Corpus,24,0.61,0.61,0.36487799519366726
100% Corpus,24,0.61,0.9099999999999999,0.34044836651944815
100% Corpus,24,0.61,symmetric,0.34158674065506234
100% Corpus,24,0.9099999999999999,0.01,0.3704048679435328
100% Corpus,24,0.9099999999999999,0.31,0.3578757487007837
100% Corpus,24,0.9099999999999999,0.61,0.3344310583273415
100% Corpus,24,0.9099999999999999,0.9099999999999999,0.32474568203221565
100% Corpus,24,0.9099999999999999,symmetric,0.3612222155637958
100% Corpus,24,symmetric,0.01,0.3572247913466306
100% Corpus,24,symmetric,0.31,0.3964256055449038
100% Corpus,24,symmetric,0.61,0.40562260371214776
100% Corpus,24,symmetric,0.9099999999999999,0.4260563244718459
100% Corpus,24,symmetric,symmetric,0.34934399674397615
100% Corpus,24,asymmetric,0.01,0.3426157436518504
100% Corpus,24,asymmetric,0.31,0.3969554192554116
100% Corpus,24,asymmetric,0.61,0.3716608568564588
100% Corpus,24,asymmetric,0.9099999999999999,0.35911510552333653
100% Corpus,24,asymmetric,symmetric,0.3368879021493503
100% Corpus,25,0.01,0.01,0.33440879234830073
100% Corpus,25,0.01,0.31,0.39422069707330176
100% Corpus,25,0.01,0.61,0.3769015260852054
100% Corpus,25,0.01,0.9099999999999999,0.3975412831262234
100% Corpus,25,0.01,symmetric,0.32689566035785983
100% Corpus,25,0.31,0.01,0.3500641737527853
100% Corpus,25,0.31,0.31,0.3753241071858035
100% Corpus,25,0.31,0.61,0.3856002581315863
100% Corpus,25,0.31,0.9099999999999999,0.3269479679443592
100% Corpus,25,0.31,symmetric,0.33729190314554736
100% Corpus,25,0.61,0.01,0.36909247283298063
100% Corpus,25,0.61,0.31,0.34210984195717087
100% Corpus,25,0.61,0.61,0.347568880702317
100% Corpus,25,0.61,0.9099999999999999,0.3610436308799244
100% Corpus,25,0.61,symmetric,0.356372659889456
100% Corpus,25,0.9099999999999999,0.01,0.36180614971730085
100% Corpus,25,0.9099999999999999,0.31,0.36500007731286543
100% Corpus,25,0.9099999999999999,0.61,0.3507757814041097
100% Corpus,25,0.9099999999999999,0.9099999999999999,0.36239661787174854
100% Corpus,25,0.9099999999999999,symmetric,0.3578647912141313
100% Corpus,25,symmetric,0.01,0.33470845523625176
100% Corpus,25,symmetric,0.31,0.40859153855968716
100% Corpus,25,symmetric,0.61,0.40425890005629533
100% Corpus,25,symmetric,0.9099999999999999,0.41301129238441775
100% Corpus,25,symmetric,symmetric,0.331354159874985
100% Corpus,25,asymmetric,0.01,0.36298169589989154
100% Corpus,25,asymmetric,0.31,0.4045402933683055
100% Corpus,25,asymmetric,0.61,0.46330315978647324
100% Corpus,25,asymmetric,0.9099999999999999,0.3682779599512638
100% Corpus,25,asymmetric,symmetric,0.34388793488453157
100% Corpus,26,0.01,0.01,0.3471450675798272
100% Corpus,26,0.01,0.31,0.40486712691956095
100% Corpus,26,0.01,0.61,0.42153545576933643
100% Corpus,26,0.01,0.9099999999999999,0.37273719229155633
100% Corpus,26,0.01,symmetric,0.32451399593908525
100% Corpus,26,0.31,0.01,0.3657505423829226
100% Corpus,26,0.31,0.31,0.40443910077086964
100% Corpus,26,0.31,0.61,0.3404747661577023
100% Corpus,26,0.31,0.9099999999999999,0.4353925954090394
100% Corpus,26,0.31,symmetric,0.33929119761649307
100% Corpus,26,0.61,0.01,0.35373038143907654
100% Corpus,26,0.61,0.31,0.39102267866995494
100% Corpus,26,0.61,0.61,0.35878946063880224
100% Corpus,26,0.61,0.9099999999999999,0.33980610162603475
100% Corpus,26,0.61,symmetric,0.3520231507357271
100% Corpus,26,0.9099999999999999,0.01,0.36845702934722885
100% Corpus,26,0.9099999999999999,0.31,0.3505432391724388
100% Corpus,26,0.9099999999999999,0.61,0.3607294574520877
100% Corpus,26,0.9099999999999999,0.9099999999999999,0.3323963103216591
100% Corpus,26,0.9099999999999999,symmetric,0.38080889651600464
100% Corpus,26,symmetric,0.01,0.36367149189445236
100% Corpus,26,symmetric,0.31,0.4082214128878754
100% Corpus,26,symmetric,0.61,0.409452537768786
100% Corpus,26,symmetric,0.9099999999999999,0.42740079067049414
100% Corpus,26,symmetric,symmetric,0.36404203901759435
100% Corpus,26,asymmetric,0.01,0.3540619792260158
100% Corpus,26,asymmetric,0.31,0.404742076089507
100% Corpus,26,asymmetric,0.61,0.4088058071400063
100% Corpus,26,asymmetric,0.9099999999999999,0.40864564342540677
100% Corpus,26,asymmetric,symmetric,0.3452147739938632
100% Corpus,27,0.01,0.01,0.35340164616079967
100% Corpus,27,0.01,0.31,0.36761417556754544
100% Corpus,27,0.01,0.61,0.4292439072605751
100% Corpus,27,0.01,0.9099999999999999,0.4001560413312299
100% Corpus,27,0.01,symmetric,0.32204873748237284
100% Corpus,27,0.31,0.01,0.3574303527557992
100% Corpus,27,0.31,0.31,0.39156027768857216
100% Corpus,27,0.31,0.61,0.4061647688400651
100% Corpus,27,0.31,0.9099999999999999,0.3849979267241216
100% Corpus,27,0.31,symmetric,0.3688797679392785
100% Corpus,27,0.61,0.01,0.37078748824843244
100% Corpus,27,0.61,0.31,0.3742621232062203
100% Corpus,27,0.61,0.61,0.36928987844092803
100% Corpus,27,0.61,0.9099999999999999,0.3614828231649288
100% Corpus,27,0.61,symmetric,0.36692327893664817
100% Corpus,27,0.9099999999999999,0.01,0.3739443240039859
100% Corpus,27,0.9099999999999999,0.31,0.3494311384534315
100% Corpus,27,0.9099999999999999,0.61,0.34972704191064663
100% Corpus,27,0.9099999999999999,0.9099999999999999,0.34657802839230617
100% Corpus,27,0.9099999999999999,symmetric,0.3575063006387118
100% Corpus,27,symmetric,0.01,0.34967163508445137
100% Corpus,27,symmetric,0.31,0.4237689703572399
100% Corpus,27,symmetric,0.61,0.3588516067902756
100% Corpus,27,symmetric,0.9099999999999999,0.3639423460973974
100% Corpus,27,symmetric,symmetric,0.33501360715471623
100% Corpus,27,asymmetric,0.01,0.3520541619511107
100% Corpus,27,asymmetric,0.31,0.3752081211529883
100% Corpus,27,asymmetric,0.61,0.43724797062968224
100% Corpus,27,asymmetric,0.9099999999999999,0.4039677540425359
100% Corpus,27,asymmetric,symmetric,0.3404307321746244
100% Corpus,28,0.01,0.01,0.3430888720051637
100% Corpus,28,0.01,0.31,0.39301143658738313
100% Corpus,28,0.01,0.61,0.3168869213149282
100% Corpus,28,0.01,0.9099999999999999,0.42269494501224886
100% Corpus,28,0.01,symmetric,0.3577226579291623
100% Corpus,28,0.31,0.01,0.338795451361366
100% Corpus,28,0.31,0.31,0.41940036132235353
100% Corpus,28,0.31,0.61,0.4194723516686511
100% Corpus,28,0.31,0.9099999999999999,0.41870299024884516
100% Corpus,28,0.31,symmetric,0.3560006745217732
100% Corpus,28,0.61,0.01,0.36237916566708617
100% Corpus,28,0.61,0.31,0.3888663229858355
100% Corpus,28,0.61,0.61,0.42253026550573425
100% Corpus,28,0.61,0.9099999999999999,0.3681121385734918
100% Corpus,28,0.61,symmetric,0.35266836977470584
100% Corpus,28,0.9099999999999999,0.01,0.36754997617739216
100% Corpus,28,0.9099999999999999,0.31,0.36937712754013696
100% Corpus,28,0.9099999999999999,0.61,0.38638877561655344
100% Corpus,28,0.9099999999999999,0.9099999999999999,0.36126117676045183
100% Corpus,28,0.9099999999999999,symmetric,0.3665856086629288
100% Corpus,28,symmetric,0.01,0.35926383922816013
100% Corpus,28,symmetric,0.31,0.41684423397957404
100% Corpus,28,symmetric,0.61,0.41946125343887647
100% Corpus,28,symmetric,0.9099999999999999,0.39230951560704913
100% Corpus,28,symmetric,symmetric,0.34646019797899924
100% Corpus,28,asymmetric,0.01,0.3556844859935884
100% Corpus,28,asymmetric,0.31,0.41821985458043676
100% Corpus,28,asymmetric,0.61,0.4401844027918398
100% Corpus,28,asymmetric,0.9099999999999999,0.40693658890557355
100% Corpus,28,asymmetric,symmetric,0.3383257996423612
100% Corpus,29,0.01,0.01,0.34507819841871834
100% Corpus,29,0.01,0.31,0.3824322567618482
100% Corpus,29,0.01,0.61,0.44151107172384607
100% Corpus,29,0.01,0.9099999999999999,0.4026423626208246
100% Corpus,29,0.01,symmetric,0.332462534936422
100% Corpus,29,0.31,0.01,0.3528583160262417
100% Corpus,29,0.31,0.31,0.389676901965175
100% Corpus,29,0.31,0.61,0.4232581727888769
100% Corpus,29,0.31,0.9099999999999999,0.3799071810665636
100% Corpus,29,0.31,symmetric,0.3421171618811814
100% Corpus,29,0.61,0.01,0.3816358180550422
100% Corpus,29,0.61,0.31,0.38815704106007143
100% Corpus,29,0.61,0.61,0.37066607733809537
100% Corpus,29,0.61,0.9099999999999999,0.3591596323199633
100% Corpus,29,0.61,symmetric,0.35370081623866084
100% Corpus,29,0.9099999999999999,0.01,0.35987302565392654
100% Corpus,29,0.9099999999999999,0.31,0.3518207295137675
100% Corpus,29,0.9099999999999999,0.61,0.3491218360957662
100% Corpus,29,0.9099999999999999,0.9099999999999999,0.3356017857129867
100% Corpus,29,0.9099999999999999,symmetric,0.34679327063457854
100% Corpus,29,symmetric,0.01,0.3528037712602643
100% Corpus,29,symmetric,0.31,0.3908476822974955
100% Corpus,29,symmetric,0.61,0.3879902706946105
100% Corpus,29,symmetric,0.9099999999999999,0.40844493508945007
100% Corpus,29,symmetric,symmetric,0.32052752690401537
100% Corpus,29,asymmetric,0.01,0.3513779981046754
100% Corpus,29,asymmetric,0.31,0.4024141122058961
100% Corpus,29,asymmetric,0.61,0.43398297911006645
100% Corpus,29,asymmetric,0.9099999999999999,0.3661030738684864
100% Corpus,29,asymmetric,symmetric,0.3467732555355309
